HGNC,count
AAMDC,2
ABCC10,2
ABCE1,2
ACAA1,2
ACP6,2
ACTR10,2
ACY1,2
ACYP1,2
ADAP1,2
ADI1,2
ADORA2B,2
AEN,2
AGBL5,2
AK2,2
AKAP1,2
AKAP12,2
ALDH3A1,2
ALG8,2
AMFR,2
ANAPC1,2
ANKHD1,2
ANKMY2,2
ANO10,2
ANP32A,2
ANP32B,2
ANP32E,2
AP1G1,2
AP1S1,2
AP3S1,2
APLP2,2
APOBEC3B,2
APPBP2,2
ARF4,2
ARHGEF12,2
ARL8B,2
ARMCX3,2
ARSA,2
ASAH1,2
ATAD3A,2
ATAD5,2
ATIC,2
ATMIN,2
ATP6AP2,2
ATP6V0E1,2
ATP6V1A,2
AURKA,2
AVPI1,2
B2M,2
BCKDHA,2
BCKDHB,2
BCL6,2
BCL7A,2
BDH1,2
BECN1,2
BNIP3L,2
BORA,2
BPHL,2
BRCA1,2
BRD2,2
BRIX1,2
BSCL2,2
BSDC1,2
BTG3,2
BTN3A3,2
BUB1B,2
BUD23,2
BUD31,2
BZW2,2
C11orf71,2
C1orf112,2
CALM1,2
CAMK2G,2
CAPG,2
CAPN5,2
CBR3,2
CCDC59,2
CCDC86,2
CCDC92,2
CCN1,2
CCNA2,2
CCNB1IP1,2
CCNO,2
CCS,2
CCSER2,2
CCT3,2
CCT8,2
CD151,2
CD47,2
CDC25C,2
CDC45,2
CDS1,2
CDS2,2
CDT1,2
CELSR3,2
CENPQ,2
CEP152,2
CEP57,2
CERT1,2
CFAP298,2
CFAP410,2
CFLAR,2
CHAF1A,2
CHCHD7,2
CHD3,2
CHEK1,2
CHEK2,2
CHMP1B,2
CHST12,2
CIRBP,2
CLCN5,2
CLIC1,2
CLN5,2
CLPP,2
CLU,2
CNN3,2
CNNM4,2
CNOT4,2
COA7,2
COMMD10,2
COQ3,2
CPD,2
CREB1,2
CREB3,2
CSRNP2,2
CSTF2,2
CYB561D2,2
CYB5R1,2
CYC1,2
DAG1,2
DAPK3,2
DARS1,2
DAZAP1,2
DCLRE1A,2
DCPS,2
DCTD,2
DDX11,2
DDX21,2
DDX39A,2
DDX54,2
DEGS1,2
DEPDC1,2
DGCR6,2
DGLUCY,2
DHDDS,2
DHX15,2
DKC1,2
DNAJB2,2
DNAJB4,2
DNAJB6,2
DNAJC16,2
DNAJC28,2
DNAJC7,2
DOP1A,2
DOP1B,2
DPH5,2
DTYMK,2
DUSP2,2
DUSP6,2
DYNC1LI2,2
DYNLRB1,2
DYNLT1,2
E2F5,2
ECT2,2
EED,2
EEF1B2,2
EFNA4,2
EIF3A,2
EIF3D,2
EIF3M,2
ELMO2,2
ELOVL6,2
ELP5,2
EMG1,2
ENOSF1,2
ENTPD4,2
ERMAP,2
ESD,2
ETV5,2
EVA1B,2
EXO1,2
EXOSC5,2
EXOSC8,2
EXOSC9,2
EXT1,2
EZH2,2
F11R,2
F12,2
FABP5,2
FAF1,2
FAM13A,2
FAM13B,2
FAM216A,2
FANCG,2
FAR2,2
FASTKD2,2
FBXL5,2
FBXO3,2
FDPS,2
FERMT1,2
FIP1L1,2
FJX1,2
FKBP1A,2
FLI1,2
FOXM1,2
FUCA1,2
FZD2,2
GABARAP,2
GABARAPL2,2
GABPB1,2
GALK2,2
GALNS,2
GALNT2,2
GALT,2
GAR1,2
GART,2
GBA,2
GBAP1,2
GCA,2
GCC1,2
GID4,2
GINS1,2
GINS3,2
GLRX2,2
GLS,2
GMPS,2
GNL3,2
GNPTAB,2
GOT2,2
GPALPP1,2
GRN,2
GSK3B,2
GTF2F1,2
GTPBP4,2
GUK1,2
GYG2,2
H1-2,2
H2AC11,2
H2AC13,2
H2AC14,2
H2AC17,2
H2AC18,2
H2AC19,2
H2AC7,2
H2AC8,2
H2BC10,2
H2BC12,2
H2BC17,2
H2BC21,2
H2BC4,2
H2BC5,2
H2BC6,2
H2BC7,2
H2BC9,2
H2BS1,2
H3C10,2
H3C4,2
H4C11,2
H4C14,2
H4C8,2
HARS1,2
HAUS7,2
HAX1,2
HCFC1R1,2
HDGF,2
HEATR1,2
HECTD4,2
HEXIM1,2
HHLA3,2
HINFP,2
HMGB1,2
HMMR,2
HNRNPA2B1,2
HNRNPR,2
HOMER3,2
HOXC6,2
HSPA1A,2
HSPA1B,2
HSPA9,2
IARS1,2
ICAM3,2
IDS,2
IFNGR1,2
IFRD2,2
IGF2R,2
IL11RA,2
IL27RA,2
INPP5F,2
IP6K2,2
IPO5,2
IQCE,2
IRAK1,2
IRF1,2
ITFG2,2
ITGB3BP,2
IVNS1ABP,2
JUND,2
KARS1,2
KAT2A,2
KCNN4,2
KDM6A,2
KIAA0513,2
KIDINS220,2
KIF14,2
KIF15,2
KIF22,2
KIFBP,2
KLF10,2
KLHL20,2
KLHL7,2
KNTC1,2
KPNA4,2
KRCC1,2
KRR1,2
LAMC1,2
LAMP2,2
LAPTM4A,2
LARS1,2
LGALS3,2
LHPP,2
LIPA,2
LLGL2,2
LMBR1L,2
LMNB1,2
LONRF3,2
LRP8,2
LRRFIP1,2
LSM5,2
LSM7,2
LYST,2
MACROD1,2
MAGOH,2
MAGOHB,2
MAGT1,2
MALL,2
MANBA,2
MAPK13,2
MAPKAPK5,2
MAPRE2,2
MARCHF2,2
MBD1,2
MCM10,2
MCM2,2
MCM5,2
MCM7,2
MCMBP,2
MDFI,2
MED22,2
MEIS2,2
METAP2,2
METTL4,2
METTL5,2
MGST3,2
MINPP1,2
MIR22HG,2
MIS18A,2
MKNK1,2
MMACHC,2
MOCOS,2
MPHOSPH8,2
MPPE1,2
MPZL1,2
MRE11,2
MRPL11,2
MRPL12,2
MRPL15,2
MRPL2,2
MRPL22,2
MRPL3,2
MRPL35,2
MRPL39,2
MRPL4,2
MRPL58,2
MRPL9,2
MRPS18A,2
MRPS18B,2
MRPS2,2
MRPS27,2
MRPS30,2
MRPS34,2
MRPS35,2
MRTFA,2
MRTO4,2
MSN,2
MTHFD1,2
MTIF2,2
MTM1,2
MTMR3,2
MTMR9,2
MTO1,2
MTPAP,2
MTREX,2
MXD4,2
MYBL2,2
MYO19,2
MYO9A,2
NABP2,2
NAE1,2
NAGK,2
NAPA,2
NARS1,2
NAT10,2
NCALD,2
NCOA4,2
NDC1,2
NDC80,2
NECAP2,2
NEK2,2
NEU1,2
NIF3L1,2
NIP7,2
NIPAL2,2
NLE1,2
NME1,2
NMNAT2,2
NOLC1,2
NOP16,2
NPC2,2
NPM1,2
NPTN,2
NR2C1,2
NSD2,2
NSF,2
NSMAF,2
NSUN5,2
NTHL1,2
NUDT18,2
NUP107,2
NUP155,2
NUP160,2
NUP37,2
NUP50,2
NUP62,2
NUP85,2
NUP88,2
NXT1,2
OASL,2
OAZ2,2
OCEL1,2
OGA,2
OPCML,2
ORC1,2
ORMDL2,2
OSTM1,2
OXCT1,2
P4HA2,2
PA2G4,2
PAICS,2
PAK1IP1,2
PALB2,2
PARP2,2
PARVB,2
PBK,2
PCSK5,2
PDGFRL,2
PEPD,2
PES1,2
PFAS,2
PGRMC2,2
PHTF2,2
PIAS3,2
PIP4K2C,2
PKMYT1,2
PLA2G15,2
PLBD1,2
PLEK2,2
PLK1,2
PLPP1,2
POLA1,2
POLA2,2
POLE2,2
POLR1D,2
POLR3D,2
PPARG,2
PPIC,2
PPIH,2
PPM1A,2
PPM1H,2
PPP1CC,2
PPP2R3A,2
PPRC1,2
PRELID3B,2
PREP,2
PRMT2,2
PRMT5,2
PRPF3,2
PRPS2,2
PSEN1,2
PSME1,2
PTEN,2
PTPA,2
PTPN3,2
PUM3,2
PUS1,2
PUS7L,2
PYCR1,2
QTRT1,2
QTRT2,2
RAB4B,2
RAB5B,2
RAB9A,2
RABGAP1,2
RAC3,2
RAD51,2
RAD51B,2
RAD54L,2
RAPGEF2,2
RAPGEF3,2
RASA1,2
RASSF4,2
RCBTB2,2
RDH11,2
RETSAT,2
REXO5,2
RFC3,2
RFC4,2
RGL1,2
RIPK1,2
RNASEH2B,2
RNF103,2
RNF11,2
RNF138,2
RNF146,2
ROGDI,2
RPL13A,2
RPS11,2
RPS6KC1,2
RRAGC,2
RRM1,2
RRS1,2
RSL1D1,2
RSRP1,2
RTN3,2
RUFY1,2
S100A14,2
SAR1A,2
SARAF,2
SCAMP2,2
SCPEP1,2
SDF2,2
SEC22A,2
SEC22B,2
SEC31A,2
SECISBP2L,2
SENP3,2
SERF2,2
SERINC1,2
SF3A3,2
SFPQ,2
SFT2D2,2
SH2D2A,2
SH3TC2,2
SIK2,2
SINHCAF,2
SIRT1,2
SKP2,2
SLC19A1,2
SLC27A5,2
SLC35A5,2
SLC35F2,2
SLC4A7,2
SLC7A11,2
SMC2,2
SMYD5,2
SNRNP40,2
SNRPA,2
SNRPA1,2
SNRPB,2
SNRPD1,2
SNTB2,2
SNUPN,2
SNX19,2
SORD,2
SPATA7,2
SPC25,2
SPDL1,2
SPG7,2
SPIN1,2
SPOP,2
SPTAN1,2
SPTLC2,2
SRD5A3,2
SRP14,2
SRPK1,2
SSRP1,2
STAM2,2
STAT3,2
STK3,2
STOML1,2
STXBP3,2
SUSD6,2
SUV39H1,2
SYNJ2BP,2
TAF1A,2
TAF1D,2
TAX1BP3,2
TBC1D2,2
TBRG4,2
TCN1,2
TCOF1,2
TCTA,2
TCTN3,2
TEAD4,2
TFF1,2
TFPI,2
THAP4,2
THUMPD2,2
TIMM44,2
TIMM9,2
TINF2,2
TKT,2
TLL2,2
TM2D3,2
TMEM184B,2
TMEM184C,2
TMEM187,2
TMEM230,2
TMEM30A,2
TMEM50A,2
TMEM50B,2
TMEM59,2
TMEM9B,2
TMPO,2
TNFAIP1,2
TNFRSF10D,2
TOE1,2
TOM1,2
TOMM40,2
TOPBP1,2
TP53I3,2
TPX2,2
TRABD,2
TRADD,2
TRAP1,2
TRIM38,2
TRIO,2
TRIP13,2
TRMO,2
TRMT1,2
TRMT11,2
TRPC4AP,2
TSEN2,2
TSPAN13,2
TSPO,2
TSPYL1,2
TTC17,2
TTC27,2
TTC3,2
TUBA1A,2
TUBGCP3,2
TUBGCP4,2
TUFT1,2
TWNK,2
TXNIP,2
UBA2,2
UBB,2
UBC,2
UBE2A,2
UBL3,2
UCK2,2
USP33,2
USP9X,2
UTP20,2
UTP25,2
VAMP3,2
VARS1,2
VCAN,2
VEGFC,2
VPS13C,2
VPS16,2
VPS8,2
VRK1,2
WASHC4,2
WBP11,2
WBP1L,2
WDHD1,2
WDR12,2
WDR18,2
WDR43,2
WDR44,2
WDR5B,2
WDR74,2
WDR76,2
WSB1,2
XRCC4,2
YARS2,2
YPEL5,2
ZBTB3,2
ZC2HC1A,2
ZDHHC6,2
ZFYVE16,2
ZNF239,2
ZNF264,2
ZNF330,2
ZNF593,2
ZXDC,2
A4GALT,1
AACS,1
AAK1,1
AARS1,1
AASDHPPT,1
AASS,1
AATF,1
ABAT,1
ABCA1,1
ABCA11P,1
ABCA2,1
ABCA7,1
ABCB6,1
ABCC3,1
ABCC5,1
ABCC6,1
ABCD1,1
ABCD3,1
ABCF2,1
ABCF2-H2BE1,1
ABCF3,1
ABHD10,1
ABHD14A,1
ABHD17A,1
ABHD18,1
ABHD4,1
ABHD8,1
ABI1,1
ABITRAM,1
ABL1,1
ABLIM1,1
ABLIM3,1
ABO,1
ABT1,1
ABTB2,1
ACAA2,1
ACAD10,1
ACADM,1
ACADS,1
ACADSB,1
ACADVL,1
ACAT1,1
ACBD3,1
ACBD4,1
ACD,1
ACE2,1
ACKR2,1
ACKR4,1
ACO1,1
ACO2,1
ACOT13,1
ACOT2,1
ACOT7,1
ACOT8,1
ACOT9,1
ACOX1,1
ACOX2,1
ACOX3,1
ACP1,1
ACP2,1
ACP3,1
ACRV1,1
ACSF2,1
ACSL1,1
ACSL3,1
ACSL4,1
ACSM3,1
ACTA2,1
ACTG1,1
ACTG2,1
ACTL6A,1
ACTL7A,1
ACTN1,1
ACTN3,1
ACTR1A,1
ACTR1B,1
ACTR5,1
ACVR1B,1
ACVR2A,1
ACVR2B,1
ADA,1
ADA2,1
ADAM10,1
ADAM17,1
ADAM19,1
ADAM22,1
ADAM30,1
ADAM8,1
ADAM9,1
ADAP2,1
ADAR,1
ADARB1,1
ADAT1,1
ADCK2,1
ADCY3,1
ADCY6,1
ADCY7,1
ADCY9,1
ADD1,1
ADD3,1
ADGRB3,1
ADGRE1,1
ADGRE5,1
ADGRF1,1
ADGRL2,1
ADH1A,1
ADH1C,1
ADM,1
ADNP2,1
ADORA1,1
ADORA2A,1
ADRA1B,1
ADRM1,1
ADSL,1
AFAP1,1
AFF1,1
AFTPH,1
AGA,1
AGBL2,1
AGER,1
AGK,1
AGL,1
AGMAT,1
AGO1,1
AGPAT1,1
AGPAT5,1
AGPS,1
AGR2,1
AGRN,1
AGT,1
AGTPBP1,1
AGTRAP,1
AHCTF1,1
AHCY,1
AHCYL1,1
AHCYL2,1
AHNAK,1
AHSA1,1
AIDA,1
AIF1,1
AIMP1,1
AIMP2,1
AIP,1
AK1,1
AK6,1
AKAP13,1
AKAP3,1
AKAP8L,1
AKAP9,1
AKR1A1,1
AKR1B10,1
AKR1C1,1
AKR1C2,1
AKR1C3,1
AKR1C4,1
AKTIP,1
ALAD,1
ALDH1A1,1
ALDH1A2,1
ALDH1B1,1
ALDH2,1
ALDH3A2,1
ALDH3B1,1
ALDH3B2,1
ALDH4A1,1
ALDH6A1,1
ALDH7A1,1
ALDH9A1,1
ALG10,1
ALG12,1
ALG3,1
ALG5,1
ALG9,1
ALKBH1,1
ALKBH4,1
ALOX12B,1
ALOX15,1
ALOX15B,1
ALOX5,1
ALPG,1
ALPK1,1
ALPK3,1
ALPP,1
ALYREF,1
AMACR,1
AMBRA1,1
AMD1,1
AMMECR1,1
AMOT,1
AMOTL2,1
AMPD1,1
AMPD3,1
AMT,1
AMY1A,1
AMZ2,1
ANAPC10,1
ANAPC5,1
ANG,1
ANK3,1
ANKEF1,1
ANKFY1,1
ANKRA2,1
ANKRD10,1
ANKRD36,1
ANKRD36B,1
ANKRD40,1
ANKRD46,1
ANKRD49,1
ANO1,1
ANOS1,1
ANP32C,1
ANXA10,1
ANXA11,1
ANXA2,1
ANXA3,1
ANXA4,1
ANXA5,1
ANXA6,1
ANXA7,1
ANXA8L1,1
ANXA9,1
AOAH,1
AOC1,1
AP1AR,1
AP1M2,1
AP1S2,1
AP2A2,1
AP2S1,1
AP3D1,1
AP3M2,1
AP4M1,1
AP5M1,1
AP5S1,1
AP5Z1,1
APAF1,1
APBB3,1
APC2,1
APEH,1
APH1A,1
APH1B,1
API5,1
APIP,1
APLP1,1
APOBEC1,1
APOBEC3A,1
APOBEC3C,1
APOBEC3G,1
APOBR,1
APOD,1
APOE,1
APOL1,1
APOL2,1
APOL3,1
APOL6,1
APOO,1
APP,1
APPL2,1
APRT,1
AQP3,1
AQP9,1
AQR,1
ARAF,1
ARAP1,1
ARAP3,1
AREG,1
AREL1,1
ARF3,1
ARF5,1
ARF6,1
ARFGAP3,1
ARFGEF1,1
ARFIP2,1
ARFRP1,1
ARG2,1
ARHGAP10,1
ARHGAP11A,1
ARHGAP17,1
ARHGAP19,1
ARHGAP29,1
ARHGAP32,1
ARHGDIA,1
ARHGEF1,1
ARHGEF10L,1
ARHGEF17,1
ARHGEF18,1
ARHGEF2,1
ARHGEF3,1
ARHGEF40,1
ARHGEF7,1
ARHGEF9,1
ARID1A,1
ARID2,1
ARID4B,1
ARIH1,1
ARIH2,1
ARL1,1
ARL15,1
ARL17A,1
ARL17B,1
ARL3,1
ARL4C,1
ARL5A,1
ARL6,1
ARL6IP1,1
ARL6IP5,1
ARMC1,1
ARMC4,1
ARMC6,1
ARMC8,1
ARMCX2,1
ARMCX4,1
ARMCX6,1
ARNT,1
ARNTL,1
ARNTL2,1
ARPC1B,1
ARPC2,1
ARPC3,1
ARPC4,1
ARPC5L,1
ARPP19,1
ARRB1,1
ARRDC3,1
ARSJ,1
ASAP1,1
ASAP2,1
ASAP3,1
ASB1,1
ASB8,1
ASB9,1
ASCC1,1
ASCL1,1
ASF1B,1
ASH1L,1
ASH2L,1
ASIC1,1
ASL,1
ASNS,1
ASNSD1,1
ASPH,1
ASPN,1
ASS1,1
ASXL3,1
ATAD2,1
ATAD2B,1
ATAD3B,1
ATE1,1
ATF3,1
ATF4,1
ATF6,1
ATF6B,1
ATF7IP,1
ATF7IP2,1
ATG12,1
ATG13,1
ATG14,1
ATG2B,1
ATG3,1
ATG5,1
ATOX1,1
ATP11A,1
ATP13A2,1
ATP13A3,1
ATP1B1,1
ATP1B3,1
ATP2C1,1
ATP2C2,1
ATP5F1D,1
ATP5IF1,1
ATP5MC1,1
ATP5MC2,1
ATP5MPL,1
ATP6AP1,1
ATP6V0A1,1
ATP6V0A2,1
ATP6V0A4,1
ATP6V0C,1
ATP6V1B1,1
ATP6V1C1,1
ATP6V1D,1
ATP6V1E1,1
ATP6V1F,1
ATP6V1G1,1
ATP6V1H,1
ATP7A,1
ATP7B,1
ATP8A1,1
ATP9A,1
ATP9B,1
ATR,1
ATRAID,1
ATRN,1
ATRX,1
ATXN1,1
ATXN10,1
ATXN2,1
ATXN3,1
ATXN7,1
AUH,1
AUNIP,1
AURKAIP1,1
AURKB,1
AUTS2,1
AVEN,1
AXL,1
AZIN1,1
B3GALT4,1
B3GALT5,1
B3GNT3,1
B4GALT1,1
B4GALT3,1
B4GALT4,1
B4GALT6,1
B4GALT7,1
B4GAT1,1
BABAM2,1
BACE1,1
BACH1,1
BAD,1
BAG1,1
BAG2,1
BAG3,1
BAG4,1
BAG5,1
BAIAP2,1
BAMBI,1
BANF1,1
BANK1,1
BARD1,1
BASP1,1
BAX,1
BAZ1B,1
BAZ2B,1
BBIP1,1
BBOF1,1
BBOX1,1
BBS1,1
BBS2,1
BBS7,1
BBS9,1
BCAM,1
BCAP29,1
BCAP31,1
BCAR3,1
BCAS1,1
BCAS2,1
BCAS3,1
BCAS4,1
BCCIP,1
BCL10,1
BCL11A,1
BCL11B,1
BCL2L1,1
BCL2L11,1
BCL2L13,1
BCL2L14,1
BCL2L2,1
BCL7B,1
BCL9,1
BCLAF1,1
BCO1,1
BCS1L,1
BDH2,1
BEST3,1
BET1,1
BEX3,1
BFAR,1
BHLHE40,1
BHMT,1
BICD1,1
BIN2,1
BIRC3,1
BIRC5,1
BIRC7,1
BLCAP,1
BLM,1
BLMH,1
BLNK,1
BLVRA,1
BLVRB,1
BMI1,1
BMP1,1
BMP10,1
BMP15,1
BMP2,1
BMP4,1
BMPR1B,1
BMPR2,1
BMS1,1
BNIP1,1
BNIP2,1
BNIP3,1
BOLA2,1
BOLA2-SMG1P6,1
BOLA2B,1
BOP1,1
BORCS6,1
BPGM,1
BPTF,1
BRCA2,1
BRD3,1
BRD8,1
BRIP1,1
BRWD1,1
BSN,1
BSND,1
BST1,1
BST2,1
BTBD2,1
BTBD3,1
BTBD8,1
BTC,1
BTF3,1
BTG1,1
BTN1A1,1
BTN3A1,1
BTN3A2,1
BTRC,1
BUB1,1
BUB3,1
BYSL,1
BZW1,1
C11orf16,1
C11orf24,1
C11orf49,1
C11orf68,1
C11orf80,1
C12orf43,1
C14orf93,1
C15orf39,1
C17orf75,1
C17orf80,1
C19orf33,1
C19orf48,1
C1GALT1,1
C1QB,1
C1QBP,1
C1QL1,1
C1RL,1
C1S,1
C1orf109,1
C1orf115,1
C1orf116,1
C1orf50,1
C1orf54,1
C1orf56,1
C2,1
C20orf27,1
C2CD3,1
C2orf42,1
C2orf49,1
C3,1
C3orf52,1
C4A,1
C4orf19,1
C5AR1,1
C5orf15,1
C6orf141,1
C6orf15,1
C6orf62,1
C8orf33,1
C8orf44,1
C9orf16,1
C9orf40,1
C9orf78,1
CA1,1
CA11,1
CA12,1
CA14,1
CA2,1
CA3,1
CA5B,1
CABYR,1
CACFD1,1
CACNA1I,1
CACNB3,1
CACNG5,1
CACYBP,1
CAD,1
CADPS2,1
CALB2,1
CALCOCO1,1
CALCOCO2,1
CALCRL,1
CALD1,1
CALHM2,1
CALM2,1
CALU,1
CAMK1D,1
CAMK2B,1
CAMK2N1,1
CAMKV,1
CAMSAP2,1
CAND1,1
CAP1,1
CAP2,1
CAPN1,1
CAPN2,1
CAPN3,1
CAPN6,1
CAPNS1,1
CAPRIN2,1
CAPZA1,1
CAPZA2,1
CAPZB,1
CARD8,1
CARF,1
CARHSP1,1
CARMIL1,1
CARS1,1
CASK,1
CASP1,1
CASP10,1
CASP2,1
CASP3,1
CASP4,1
CASP6,1
CASP7,1
CASP8AP2,1
CASP9,1
CASQ2,1
CAT,1
CATSPERB,1
CBFA2T2,1
CBFB,1
CBLB,1
CBLL1,1
CBX1,1
CBX3,1
CBX5,1
CBX6,1
CC2D1A,1
CCDC102B,1
CCDC121,1
CCDC126,1
CCDC134,1
CCDC15,1
CCDC22,1
CCDC28A,1
CCDC32,1
CCDC33,1
CCDC47,1
CCDC6,1
CCDC69,1
CCDC85B,1
CCDC87,1
CCDC88A,1
CCDC88C,1
CCDC91,1
CCDC93,1
CCL2,1
CCL22,1
CCL5,1
CCN5,1
CCNB2,1
CCND1,1
CCND3,1
CCNE2,1
CCNF,1
CCNG2,1
CCNH,1
CCNJ,1
CCNL1,1
CCNL2,1
CCNT1,1
CCP110,1
CCPG1,1
CCR5,1
CCT2,1
CCT4,1
CCT5,1
CCT6A,1
CCT6B,1
CCT7,1
CD14,1
CD164,1
CD2,1
CD22,1
CD24,1
CD2BP2,1
CD300A,1
CD302,1
CD320,1
CD38,1
CD40,1
CD44,1
CD58,1
CD59,1
CD63,1
CD72,1
CD74,1
CD82,1
CD83,1
CD84,1
CD9,1
CD99,1
CDC123,1
CDC14B,1
CDC16,1
CDC20,1
CDC23,1
CDC25B,1
CDC27,1
CDC37L1,1
CDC40,1
CDC42BPA,1
CDC42EP4,1
CDC42SE1,1
CDC5L,1
CDC6,1
CDC7,1
CDC73,1
CDCA3,1
CDCA4,1
CDCA7,1
CDCA8,1
CDCP1,1
CDH1,1
CDH2,1
CDH20,1
CDH3,1
CDHR5,1
CDIPT,1
CDK1,1
CDK12,1
CDK13,1
CDK14,1
CDK18,1
CDK19,1
CDK2,1
CDK20,1
CDK2AP1,1
CDK4,1
CDK5,1
CDK5RAP1,1
CDK5RAP2,1
CDK5RAP3,1
CDK7,1
CDKAL1,1
CDKL3,1
CDKN1A,1
CDKN1B,1
CDKN1C,1
CDKN2AIP,1
CDKN2B,1
CDKN2D,1
CDKN3,1
CDRT1,1
CEACAM1,1
CEACAM6,1
CEACAM7,1
CEBPA,1
CEBPD,1
CEBPG,1
CEBPZ,1
CELA2B,1
CELF1,1
CELF2,1
CELSR2,1
CEMIP,1
CEMIP2,1
CENPA,1
CENPC,1
CENPE,1
CENPF,1
CENPI,1
CENPJ,1
CENPK,1
CENPL,1
CENPM,1
CENPN,1
CENPT,1
CENPU,1
CENPX,1
CEP131,1
CEP135,1
CEP162,1
CEP170,1
CEP250,1
CEP295,1
CEP43,1
CEP55,1
CEP68,1
CEP70,1
CEP72,1
CEP76,1
CEP83,1
CEP97,1
CES2,1
CES3,1
CETN2,1
CETN3,1
CFAP20,1
CFAP44,1
CFAP94,1
CFB,1
CFD,1
CFH,1
CFHR1,1
CFHR2,1
CFI,1
CFL1,1
CFTR,1
CGAS,1
CGB3,1
CGGBP1,1
CGREF1,1
CGRRF1,1
CHAC1,1
CHAF1B,1
CHCHD2,1
CHCHD3,1
CHCHD6,1
CHD1,1
CHD4,1
CHERP,1
CHFR,1
CHI3L2,1
CHKA,1
CHKB,1
CHML,1
CHMP1A,1
CHMP2A,1
CHMP2B,1
CHMP3,1
CHMP4A,1
CHMP5,1
CHMP6,1
CHORDC1,1
CHP1,1
CHP2,1
CHPF2,1
CHPT1,1
CHRNA5,1
CHRNB1,1
CHST11,1
CHST3,1
CHST4,1
CHST5,1
CHST6,1
CHSY1,1
CHTOP,1
CHUK,1
CIAO1,1
CIAO2B,1
CIAPIN1,1
CIITA,1
CILK1,1
CIP2A,1
CIR1,1
CITED1,1
CITED2,1
CKAP2,1
CKB,1
CKLF,1
CKMT1B,1
CKS2,1
CLCA2,1
CLCC1,1
CLCN3,1
CLCN6,1
CLCN7,1
CLCNKA,1
CLCNKB,1
CLDN1,1
CLDN15,1
CLDN3,1
CLDN4,1
CLDN7,1
CLDND1,1
CLEC7A,1
CLIC3,1
CLIC5,1
CLINT1,1
CLIP1,1
CLIP2,1
CLIP3,1
CLK3,1
CLN3,1
CLN6,1
CLNS1A,1
CLP1,1
CLPX,1
CLSTN1,1
CLSTN3,1
CLTC,1
CLUAP1,1
CLUHP3,1
CMAS,1
CMC2,1
CMPK1,1
CMTR1,1
CNBP,1
CNDP2,1
CNGA1,1
CNIH1,1
CNIH3,1
CNIH4,1
CNKSR1,1
CNNM2,1
CNOT2,1
CNOT7,1
CNOT8,1
CNP,1
CNPY3,1
CNR1,1
CNR2,1
CNTNAP1,1
CNTRL,1
COA4,1
COBLL1,1
COCH,1
COG4,1
COG5,1
COIL,1
COL13A1,1
COL16A1,1
COL17A1,1
COL18A1,1
COL1A1,1
COL4A2,1
COL4A4,1
COL7A1,1
COL9A1,1
COL9A3,1
COLGALT1,1
COMMD3,1
COMMD4,1
COMMD8,1
COMMD9,1
COMT,1
COPA,1
COPB1,1
COPB2,1
COPE,1
COPG1,1
COPS3,1
COPS6,1
COPS8,1
COPZ1,1
COPZ2,1
COQ10B,1
COQ2,1
COQ4,1
COQ7,1
COQ8B,1
CORIN,1
CORO1A,1
CORO1C,1
CORO2A,1
COX11,1
COX15,1
COX16,1
COX17,1
COX4I1,1
COX5B,1
COX6A1,1
COX6B1,1
COX6C,1
COX7A2,1
COX7A2L,1
COX7B,1
COX7C,1
CP,1
CPA4,1
CPE,1
CPEB3,1
CPLANE1,1
CPN1,1
CPNE1,1
CPOX,1
CPS1,1
CPSF2,1
CPSF4,1
CPSF6,1
CPT1B,1
CPT2,1
CPZ,1
CRABP2,1
CRAT,1
CRBN,1
CREB3L1,1
CREBBP,1
CREBL2,1
CREG1,1
CRELD1,1
CRELD2,1
CRIM1,1
CRIP1,1
CRIP2,1
CRISP3,1
CRKL,1
CRLF3,1
CRMP1,1
CROT,1
CRTC3,1
CRY1,1
CRY2,1
CRYAB,1
CRYBB2,1
CRYL1,1
CRYZL1,1
CS,1
CSAD,1
CSDE1,1
CSE1L,1
CSF1,1
CSF2,1
CSGALNACT2,1
CSH2,1
CSNK1D,1
CSNK1E,1
CSNK1G1,1
CSNK2B,1
CSPG5,1
CSPP1,1
CSRP1,1
CSRP2,1
CST3,1
CSTB,1
CSTF1,1
CTAG2,1
CTCF,1
CTDSP2,1
CTIF,1
CTNNA1,1
CTNNAL1,1
CTNNB1,1
CTNND1,1
CTPS1,1
CTR9,1
CTSA,1
CTSB,1
CTSC,1
CTSD,1
CTSF,1
CTSH,1
CTSK,1
CTSS,1
CTSV,1
CUEDC2,1
CUL4A,1
CUL4B,1
CUL7,1
CUL9,1
CUTALP,1
CUTC,1
CUX1,1
CWC27,1
CWF19L1,1
CX3CL1,1
CXADR,1
CXCL10,1
CXCL11,1
CXCL14,1
CXCL2,1
CXCL3,1
CXCL5,1
CXCL6,1
CXCL8,1
CXCR6,1
CXXC4,1
CYB561,1
CYB5A,1
CYB5B,1
CYB5R2,1
CYB5R3,1
CYB5R4,1
CYBA,1
CYBRD1,1
CYCS,1
CYLD,1
CYP1A2,1
CYP1B1,1
CYP24A1,1
CYP26A1,1
CYP27B1,1
CYP2A6,1
CYP2C18,1
CYP2C9,1
CYP2D6,1
CYP2E1,1
CYP2J2,1
CYP39A1,1
CYP4B1,1
CYP4F11,1
CYP4F12,1
CYP4F2,1
CYP4F3,1
CYP4F8,1
CYREN,1
CYSRT1,1
CYTH1,1
DAB2,1
DAD1,1
DAGLA,1
DALRD3,1
DAP3,1
DAPK1,1
DAPK2,1
DAPP1,1
DARS2,1
DAZ1,1
DAZ4,1
DAZAP2,1
DBF4,1
DBF4B,1
DBI,1
DBNDD2,1
DBP,1
DBT,1
DCAF10,1
DCAF11,1
DCAF16,1
DCAF17,1
DCAF6,1
DCAF7,1
DCAF8,1
DCAKD,1
DCBLD2,1
DCK,1
DCLK1,1
DCLRE1B,1
DCLRE1C,1
DCN,1
DCTN1,1
DCTN2,1
DCTN3,1
DCTN6,1
DCTPP1,1
DCUN1D1,1
DCUN1D5,1
DCXR,1
DDAH2,1
DDB2,1
DDIT4,1
DDO,1
DDOST,1
DDR1,1
DDX1,1
DDX10,1
DDX17,1
DDX18,1
DDX19A,1
DDX24,1
DDX28,1
DDX31,1
DDX39B,1
DDX3Y,1
DDX41,1
DDX46,1
DDX49,1
DDX50,1
DDX52,1
DDX56,1
DDX58,1
DDX60,1
DECR1,1
DECR2,1
DEDD,1
DEF6,1
DEF8,1
DEFB1,1
DEK,1
DENND1A,1
DENND1B,1
DENND2B,1
DENND3,1
DENND4B,1
DENND4C,1
DENR,1
DEPP1,1
DEPTOR,1
DERA,1
DERL1,1
DERL2,1
DESI2,1
DEXI,1
DFFA,1
DFFB,1
DGKA,1
DGKD,1
DGKZ,1
DGUOK,1
DHFR,1
DHODH,1
DHPS,1
DHRS1,1
DHRS12,1
DHRS2,1
DHRS3,1
DHRS4,1
DHRS7,1
DHRS7B,1
DHX16,1
DHX30,1
DHX58,1
DHX9,1
DIABLO,1
DIAPH1,1
DIAPH2-AS1,1
DIDO1,1
DIMT1,1
DIO2,1
DIPK1A,1
DIS3,1
DISC1,1
DIXDC1,1
DKK1,1
DKK2,1
DKK3,1
DLC1,1
DLEU1,1
DLEU2,1
DLG1,1
DLG5,1
DLGAP4,1
DLGAP5,1
DLL3,1
DLX4,1
DMAC2,1
DMAC2L,1
DMBT1,1
DMC1,1
DMRT2,1
DMXL1,1
DMXL2,1
DNA2,1
DNAAF2,1
DNAAF5,1
DNAI4,1
DNAJA3,1
DNAJB12,1
DNAJB9,1
DNAJC1,1
DNAJC11,1
DNAJC15,1
DNAJC17,1
DNAJC25-GNG10,1
DNAJC4,1
DNAJC8,1
DNAL4,1
DNALI1,1
DNASE1,1
DNASE2,1
DNM1,1
DNM1L,1
DNM2,1
DNMBP,1
DNMT1,1
DNMT3A,1
DNMT3B,1
DNPEP,1
DNPH1,1
DNTTIP2,1
DOCK1,1
DOHH,1
DOK1,1
DOK4,1
DOLK,1
DONSON,1
DPAGT1,1
DPH1,1
DPH2,1
DPM1,1
DPM2,1
DPM3,1
DPP3,1
DPP4,1
DPP6,1
DPP8,1
DPY19L1,1
DPY19L2P2,1
DPYSL2,1
DR1,1
DRAM1,1
DRAP1,1
DRG1,1
DROSHA,1
DSC2,1
DSCC1,1
DSG2,1
DSG3,1
DSN1,1
DSP,1
DST,1
DSTNP2,1
DSTYK,1
DTL,1
DTWD1,1
DTX2P1-UPK3BP1-PMS2P11,1
DUOX2,1
DUS1L,1
DUSP1,1
DUSP10,1
DUSP12,1
DUSP13,1
DUSP18,1
DUSP22,1
DUSP4,1
DUSP5,1
DUSP7,1
DUSP8,1
DUSP9,1
DUT,1
DVL1,1
DVL3,1
DYNC1H1,1
DYNC1I2,1
DYNC2H1,1
DYNC2I1,1
DYNC2LI1,1
DYNLL1,1
DYRK2,1
DZANK1,1
DZIP3,1
E2F1,1
E2F2,1
E2F3,1
E2F8,1
EAPP,1
EBNA1BP2,1
EBP,1
EBPL,1
ECEL1,1
ECH1,1
ECHDC2,1
ECHS1,1
ECI2,1
ECSIT,1
EDEM1,1
EDEM2,1
EDF1,1
EDIL3,1
EDN2,1
EDRF1,1
EEF1AKMT2,1
EEF1AKNMT,1
EEF1E1,1
EFCAB14,1
EFEMP1,1
EFEMP2,1
EFHC1,1
EFHC2,1
EFHD2,1
EFNA1,1
EFNB3,1
EFR3B,1
EGFL6,1
EGFR,1
EGLN3,1
EGR1,1
EGR2,1
EGR4,1
EHBP1,1
EHHADH,1
EHMT2,1
EI24,1
EID1,1
EIF1,1
EIF1AX,1
EIF2A,1
EIF2AK2,1
EIF2AK3,1
EIF2B1,1
EIF2B2,1
EIF2B3,1
EIF2B5,1
EIF2D,1
EIF2S1,1
EIF2S2,1
EIF2S3,1
EIF3B,1
EIF3C,1
EIF3E,1
EIF3G,1
EIF3I,1
EIF3J,1
EIF3K,1
EIF4A1,1
EIF4A2,1
EIF4B,1
EIF4E,1
EIF4EBP1,1
EIF4EBP2,1
EIF4G3,1
EIF4H,1
EIF5,1
EIF5A,1
EIF5A2,1
EIF5B,1
EIF6,1
ELAC2,1
ELAVL1,1
ELF1,1
ELF3,1
ELF5,1
ELK1,1
ELK4,1
ELMO3,1
ELOA,1
ELOB,1
ELOC,1
ELOVL2,1
ELOVL5,1
ELP1,1
EMC3,1
EMC6,1
EMC8,1
EMC9,1
EMP1,1
EMP2,1
EMP3,1
EMSY,1
ENAH,1
ENG,1
ENGASE,1
ENO1,1
ENO2,1
ENO3,1
ENOPH1,1
ENOX1,1
ENOX2,1
ENPP4,1
ENTPD3,1
ENTPD6,1
ENTR1,1
EOGT,1
EOLA2,1
EPAS1,1
EPB41L2,1
EPB41L4A,1
EPHA1,1
EPHA2,1
EPHA4,1
EPHB2,1
EPHB4,1
EPHX1,1
EPHX2,1
EPM2AIP1,1
EPN1,1
EPN3,1
EPOR,1
EPPK1,1
EPRS1,1
EPS8,1
EPS8L1,1
EPS8L2,1
ERAP1,1
ERAP2,1
ERBB2,1
ERBB3,1
ERBIN,1
ERCC1,1
ERCC5,1
ERCC6L,1
ERCC8,1
EREG,1
ERG28,1
ERGIC2,1
ERGIC3,1
ERH,1
ERLIN2,1
ERMP1,1
ERP29,1
ERP44,1
ERVMER34-1,1
ESF1,1
ESPL1,1
ESRP2,1
ESRRG,1
ESS2,1
ESYT1,1
ETF1,1
ETFDH,1
ETNK1,1
ETNK2,1
ETS1,1
ETS2,1
ETV1,1
ETV4,1
ETV6,1
ETV7,1
EVI2B,1
EWSR1,1
EXD2,1
EXOC1,1
EXOC2,1
EXOC3,1
EXOC7,1
EXOSC10,1
EXOSC2,1
EXOSC4,1
EXT2,1
EXTL2,1
EYA1,1
EYA4,1
EZH1,1
F2R,1
F3,1
F8,1
FA2H,1
FAAH,1
FAAP24,1
FABP6,1
FADD,1
FADS1,1
FADS3,1
FAF2,1
FAH,1
FAM111A,1
FAM117A,1
FAM120AOS,1
FAM120C,1
FAM126B,1
FAM149A,1
FAM149B1,1
FAM155A,1
FAM160B2,1
FAM162A,1
FAM168A,1
FAM174C,1
FAM193A,1
FAM20B,1
FAM220A,1
FAM32A,1
FAM3C,1
FAM50A,1
FAM53B,1
FAM53C,1
FAM83E,1
FAM89B,1
FAM8A1,1
FANCA,1
FANCD2,1
FANCE,1
FANCF,1
FANCI,1
FANCL,1
FARP2,1
FARSA,1
FAS,1
FASTK,1
FASTKD3,1
FAT4,1
FAU,1
FAXDC2,1
FBLN1,1
FBLN5,1
FBN1,1
FBN2,1
FBP1,1
FBXL12,1
FBXL15,1
FBXL18,1
FBXL2,1
FBXL6,1
FBXL8,1
FBXO11,1
FBXO2,1
FBXO22,1
FBXO28,1
FBXO34,1
FBXO38,1
FBXO4,1
FBXO5,1
FBXO7,1
FBXO9,1
FBXW4,1
FCGR3B,1
FCGRT,1
FCHSD2,1
FDFT1,1
FDX1,1
FDXR,1
FECH,1
FEM1B,1
FEN1,1
FEZ1,1
FGF18,1
FGF2,1
FGF4,1
FGFBP1,1
FGFR1,1
FGFR2,1
FGFR3,1
FGFR4,1
FGGY,1
FGL1,1
FH,1
FHIT,1
FHL1,1
FHL2,1
FHL3,1
FHOD1,1
FHOD3,1
FIG4,1
FIGLA,1
FILIP1L,1
FKBP11,1
FKBP15,1
FKBP1B,1
FKBP4,1
FKBP5,1
FKBP8,1
FKBP9,1
FLCN,1
FLOT2,1
FLRT1,1
FLRT3,1
FLT3LG,1
FLVCR2,1
FMO4,1
FMO5,1
FN1,1
FNBP1,1
FNDC3A,1
FNDC3B,1
FOCAD,1
FOLR1,1
FOS,1
FOXA2,1
FOXD1,1
FOXI1,1
FOXJ2,1
FOXJ3,1
FOXN3,1
FOXO3,1
FOXO3B,1
FOXO4,1
FOXP4-AS1,1
FOXRED2,1
FPGT,1
FRAS1,1
FRAT1,1
FRAT2,1
FRG1,1
FRK,1
FRYL,1
FSCN1,1
FSCN2,1
FST,1
FSTL1,1
FSTL3,1
FTH1,1
FTO,1
FTSJ1,1
FTSJ3,1
FUBP1,1
FUS,1
FUT2,1
FUT4,1
FUT6,1
FXN,1
FXYD1,1
FXYD3,1
FXYD5,1
FYB1,1
FYCO1,1
G0S2,1
G6PD,1
GAA,1
GAB1,1
GAB2,1
GABARAPL1,1
GABBR1,1
GABRE,1
GABRP,1
GABRR1,1
GAD1,1
GADD45A,1
GADD45B,1
GADD45G,1
GAK,1
GALC,1
GALE,1
GALNT1,1
GALNT10,1
GALNT11,1
GALNT14,1
GALNT7,1
GAREM1,1
GARRE1,1
GARS1,1
GAS2L1,1
GAS6,1
GASK1B,1
GATA6,1
GATAD1,1
GATAD2A,1
GATB,1
GATD3A,1
GATD3B,1
GATM,1
GBE1,1
GBF1,1
GBP1,1
GBP2,1
GCAT,1
GCFC2,1
GCLC,1
GCN1,1
GDE1,1
GDF15,1
GDI2,1
GDPD3,1
GEM,1
GEMIN2,1
GEMIN6,1
GEMIN8,1
GET3,1
GFAP,1
GFOD1,1
GFPT1,1
GGCT,1
GGH,1
GGNBP2,1
GGT1,1
GGT2,1
GGTLC1,1
GHITM,1
GIGYF2,1
GIMAP6,1
GIN1,1
GINS2,1
GINS4,1
GIPC1,1
GIT2,1
GJB3,1
GJB5,1
GJC1,1
GLA,1
GLB1,1
GLB1L,1
GLDC,1
GLE1,1
GLMN,1
GLO1,1
GLOD4,1
GLP1R,1
GLRX,1
GLRX3,1
GLS2,1
GLT8D1,1
GLT8D2,1
GLTP,1
GLUD1,1
GLUL,1
GM2A,1
GMEB1,1
GMFB,1
GMIP,1
GMNN,1
GMPPA,1
GMPPB,1
GMPR2,1
GNA12,1
GNAI1,1
GNAI2,1
GNAI3,1
GNAL,1
GNAO1,1
GNAQ,1
GNAS,1
GNAT2,1
GNAZ,1
GNB5,1
GNG13,1
GNG4,1
GNGT1,1
GNL2,1
GNL3L,1
GNPTG,1
GOLGA1,1
GOLGA2,1
GOLGA3,1
GOLGA5,1
GOLGA6B,1
GOLGA7,1
GOLGA8A,1
GOLGB1,1
GOLM1,1
GOLPH3,1
GOLPH3L,1
GOLT1B,1
GORASP1,1
GORASP2,1
GOT1,1
GPATCH2,1
GPC1,1
GPCPD1,1
GPER1,1
GPI,1
GPM6A,1
GPN1,1
GPN3,1
GPNMB,1
GPR107,1
GPR12,1
GPR137B,1
GPR143,1
GPR19,1
GPR27,1
GPR89A,1
GPR89B,1
GPRC5A,1
GPRC5B,1
GPRC5C,1
GPRIN2,1
GPSM2,1
GPX1,1
GPX2,1
GPX3,1
GPX4,1
GRAMD1C,1
GRAMD2B,1
GRB10,1
GREM2,1
GRID2,1
GRIP2,1
GRK1,1
GRK2,1
GRK5,1
GRK6,1
GRP,1
GRSF1,1
GRWD1,1
GSAP,1
GSDMB,1
GSDMD,1
GSDME,1
GSE1,1
GSG1,1
GSKIP,1
GSN,1
GSPT1,1
GSTA1,1
GSTA4,1
GSTK1,1
GSTM1,1
GSTM2,1
GSTM4,1
GSTO1,1
GSTP1,1
GSTT1,1
GSTT2,1
GSTZ1,1
GTDC1,1
GTF2A2,1
GTF2B,1
GTF2E2,1
GTF2F2,1
GTF2H2,1
GTF2I,1
GTF3A,1
GTF3C2,1
GTF3C4,1
GTPBP1,1
GTSE1,1
GUCA1B,1
GUCY1B1,1
GULP1,1
GYS1,1
H1-10,1
H1-5,1
H2AW,1
H2AX,1
H2AZ1,1
H2AZ2,1
H2BC14,1
H2BC3,1
H3-3B,1
H3C1,1
H3C11,1
H3C6,1
H3C8,1
H4C12,1
H4C2,1
H4C3,1
H6PD,1
HADHA,1
HADHB,1
HARS2,1
HAS2,1
HASPIN,1
HAT1,1
HAUS3,1
HAUS4,1
HAUS6,1
HBEGF,1
HBP1,1
HCAR3,1
HCCS,1
HCFC2,1
HCLS1,1
HDAC11,1
HDAC4,1
HDAC5,1
HDAC6,1
HDDC2,1
HDHD3,1
HDHD5,1
HDLBP,1
HEATR3,1
HEATR5B,1
HEBP2,1
HECA,1
HECTD3,1
HELLS,1
HELZ,1
HEMK1,1
HERC1,1
HERC4,1
HERC5,1
HERC6,1
HERPUD1,1
HES1,1
HES2,1
HEXA-AS1,1
HEY1,1
HFE,1
HGFAC,1
HGH1,1
HHEX,1
HHIPL2,1
HIBCH,1
HIF1A,1
HIF1AN,1
HIGD1A,1
HILPDA,1
HIP1,1
HIP1R,1
HIRA,1
HIRIP3,1
HIVEP1,1
HJURP,1
HK1,1
HLA-B,1
HLA-C,1
HLA-DMB,1
HLA-DOB,1
HLA-DPA1,1
HLA-DPB1,1
HLA-DQB1,1
HLA-DRA,1
HLA-DRB1,1
HLA-DRB3,1
HLA-DRB4,1
HLA-DRB5,1
HLA-DRB6,1
HLA-E,1
HLA-F,1
HLA-G,1
HMBOX1,1
HMBS,1
HMG20A,1
HMG20B,1
HMGA1,1
HMGA2,1
HMGB2,1
HMGB3,1
HMGCL,1
HMGCS1,1
HMGN1,1
HMGN3,1
HMGN4,1
HMGXB4,1
HMOX1,1
HMOX2,1
HNMT,1
HNRNPA0,1
HNRNPA1,1
HNRNPAB,1
HNRNPC,1
HNRNPD,1
HNRNPDL,1
HNRNPF,1
HNRNPH1,1
HNRNPH2,1
HNRNPH3,1
HNRNPL,1
HNRNPM,1
HNRNPU,1
HNRNPUL1,1
HOOK2,1
HOXB1,1
HOXB13,1
HOXB2,1
HOXB3,1
HPCAL1,1
HPF1,1
HPGD,1
HPRT1,1
HPS1,1
HPSE,1
HRAS,1
HRH1,1
HRH3,1
HRK,1
HROB,1
HS1BP3,1
HS3ST3B1,1
HSBP1,1
HSD17B1,1
HSD17B12,1
HSD17B3,1
HSD17B4,1
HSD17B6,1
HSF1,1
HSF2BP,1
HSF4,1
HSP90AA1,1
HSP90AB1,1
HSPA13,1
HSPA14,1
HSPA4,1
HSPA4L,1
HSPA5,1
HSPA8,1
HSPB1,1
HSPB8,1
HSPBP1,1
HSPD1,1
HSPE1,1
HSPH1,1
HTATIP2,1
HTRA2,1
HTT,1
HUS1,1
HYAL4,1
HYI,1
HYPK,1
IARS2,1
ICA1,1
ICAM1,1
ICAM2,1
ICAM4,1
ICE2,1
ICMT,1
ICOSLG,1
ID1,1
ID2,1
ID3,1
IDE,1
IDH1,1
IDH3A,1
IDH3B,1
IDH3G,1
IDI1,1
IDO1,1
IDUA,1
IER2,1
IER3,1
IER3IP1,1
IER5,1
IFI16,1
IFI27,1
IFI30,1
IFI35,1
IFI44,1
IFI44L,1
IFI6,1
IFIH1,1
IFIT1,1
IFIT3,1
IFIT5,1
IFITM1,1
IFITM2,1
IFNA2,1
IFNAR1,1
IFNAR2,1
IFT140,1
IFT20,1
IFT27,1
IFT52,1
IFT81,1
IGBP1,1
IGF2BP2,1
IGFBP3,1
IGFBP4,1
IGFBP6,1
IGFBP7,1
IGFLR1,1
IGSF3,1
IK,1
IKBKE,1
IKZF2,1
IKZF4,1
IL10RB,1
IL11,1
IL13RA1,1
IL13RA2,1
IL15,1
IL15RA,1
IL17RB,1
IL1A,1
IL1B,1
IL1R1,1
IL1R2,1
IL1RAP,1
IL1RL1,1
IL22RA1,1
IL23A,1
IL2RG,1
IL32,1
IL33,1
IL4R,1
IL6,1
IL6R,1
IL6ST,1
IL7R,1
ILF2,1
ILF3,1
ILK,1
ILKAP,1
ILRUN,1
ILVBL,1
IMMT,1
IMPACT,1
IMPDH1,1
IMPDH2,1
INAVA,1
INCENP,1
INF2,1
ING1,1
ING2,1
ING4,1
INHA,1
INHBB,1
INKA2,1
INO80D,1
INPP1,1
INPP4A,1
INPP5K,1
INPPL1,1
INTS13,1
INTS3,1
INTS6,1
IPO11,1
IPO13,1
IPO4,1
IPO7,1
IPO9,1
IPP,1
IQCA1,1
IQCB1,1
IQCJ-SCHIP1,1
IQGAP1,1
IRAG2,1
IRF2,1
IRF7,1
IRF9,1
IRS1,1
IRS2,1
ISCA1,1
ISG15,1
ISG20,1
ISG20L2,1
ISOC2,1
IST1,1
ITCH,1
ITFG1,1
ITGA10,1
ITGA2,1
ITGA3,1
ITGA5,1
ITGA6,1
ITGAE,1
ITGAM,1
ITGB1BP1,1
ITGB1BP2,1
ITGB3,1
ITGB5,1
ITGB8,1
ITGBL1,1
ITM2B,1
ITM2C,1
ITPA,1
ITPK1,1
ITPKC,1
ITPR2,1
ITPR3,1
ITPRID2,1
ITSN1,1
ITSN2,1
IVL,1
IZUMO4,1
JADE1,1
JADE3,1
JAG1,1
JAG2,1
JAK2,1
JARID2,1
JMJD1C-AS1,1
JMJD6,1
JMJD7-PLA2G4B,1
JPH2,1
JPT1,1
JRK,1
JRKL,1
JUN,1
JUP,1
KANK1,1
KANK2,1
KANSL1L,1
KANSL2,1
KAT6A,1
KAT6B,1
KAT8,1
KATNA1,1
KATNB1,1
KATNBL1,1
KBTBD2,1
KBTBD4,1
KCND1,1
KCNH6,1
KCNK15,1
KCNMB3,1
KCNMB4,1
KCNQ1,1
KCNS3,1
KCTD15,1
KCTD2,1
KCTD9,1
KDELR2,1
KDELR3,1
KDM2A,1
KDM3B,1
KDM4A,1
KDM4C,1
KDM5A,1
KDM5B,1
KDM5C,1
KDM6B,1
KDSR,1
KHDRBS3,1
KHNYN,1
KIAA0087,1
KIAA0232,1
KIAA0319L,1
KIAA0895,1
KIAA0930,1
KIAA1109,1
KIAA1191,1
KIF11,1
KIF13A,1
KIF16B,1
KIF18A,1
KIF1A,1
KIF1B,1
KIF20A,1
KIF20B,1
KIF21B,1
KIF23,1
KIF2A,1
KIF2C,1
KIF3B,1
KIF3C,1
KIF4A,1
KIF5A,1
KIF5B,1
KIFAP3,1
KIFC1,1
KIFC3,1
KISS1,1
KIT,1
KITLG,1
KIZ,1
KLC2,1
KLF15,1
KLF5,1
KLF9,1
KLHDC10,1
KLHDC2,1
KLHL18,1
KLHL2,1
KLHL21,1
KLHL22,1
KLHL23,1
KLHL24,1
KLHL35,1
KLK10,1
KLK11,1
KLK6,1
KLK7,1
KLK8,1
KLRC2,1
KLRC3,1
KMO,1
KMT5A,1
KPNA1,1
KPNA2,1
KPNB1,1
KPTN,1
KRAS,1
KRI1,1
KRT1,1
KRT13,1
KRT14,1
KRT15,1
KRT16,1
KRT17,1
KRT19,1
KRT4,1
KRT5,1
KRT7,1
KRT78,1
KRT8,1
KRT83,1
KRT86,1
KRT9,1
KTN1,1
KXD1,1
KYNU,1
L3MBTL1,1
LACTB,1
LAD1,1
LAIR2,1
LAMA5,1
LAMB1,1
LAMB2,1
LAMC2,1
LAMP1,1
LAMP3,1
LAMTOR2,1
LAMTOR3,1
LAMTOR5,1
LANCL1,1
LANCL2,1
LAP3,1
LAPTM5,1
LARP4,1
LARP6,1
LARS2,1
LAS1L,1
LASP1,1
LAT2,1
LBH,1
LBHD1,1
LBR,1
LCK,1
LCMT1,1
LCN2,1
LDAH,1
LDB1,1
LDHA,1
LDHB,1
LDHC,1
LDLR,1
LEPR,1
LEPROT,1
LEPROTL1,1
LETM1,1
LETM2,1
LETMD1,1
LGALS1,1
LGALS14,1
LGALS2,1
LGALS3BP,1
LGALS4,1
LGALS8,1
LGALS9,1
LGMN,1
LGR4,1
LHX1,1
LHX3,1
LHX5,1
LIF,1
LIG1,1
LIG3,1
LIG4,1
LIMA1,1
LIMCH1,1
LIMD1,1
LIMK2,1
LIN7B,1
LIN7C,1
LINC00574,1
LINC01963,1
LITAF,1
LMAN2,1
LMAN2L,1
LMBRD1,1
LMCD1,1
LMF1,1
LMO2,1
LMO4,1
LMO7,1
LMTK2,1
LONP1,1
LONP2,1
LOXL1,1
LPA,1
LPAR2,1
LPAR6,1
LPCAT1,1
LPCAT3,1
LRFN4,1
LRIF1,1
LRIG1,1
LRP1,1
LRP10,1
LRP1B,1
LRP5,1
LRPAP1,1
LRPPRC,1
LRR1,1
LRRC1,1
LRRC17,1
LRRC20,1
LRRC23,1
LRRC31,1
LRRC40,1
LRRC41,1
LRRC59,1
LSG1,1
LSM14A,1
LSM2,1
LSM3,1
LSM6,1
LSM8,1
LSS,1
LTA4H,1
LTB,1
LTBP2,1
LTBP4,1
LUC7L,1
LUC7L3,1
LUM,1
LUZP1,1
LUZP2,1
LXN,1
LY75,1
LYN,1
LYPLA1,1
LYRM4,1
LYRM9,1
LYZL6,1
LZTS1,1
LZTS3,1
MAB21L4,1
MACF1,1
MACROH2A1,1
MAD2L1,1
MAFB,1
MAFF,1
MAFG,1
MAGED1,1
MAGED2,1
MAGI2,1
MAIP1,1
MAK16,1
MAL,1
MALAT1,1
MALT1,1
MAN1A1,1
MAN1B1,1
MAN2B1,1
MAN2C1,1
MANF,1
MAOB,1
MAP11,1
MAP1LC3B,1
MAP1S,1
MAP2,1
MAP2K2,1
MAP2K3,1
MAP2K5,1
MAP2K6,1
MAP3K13,1
MAP3K14,1
MAP3K2,1
MAP3K20,1
MAP3K8,1
MAP4,1
MAP4K4,1
MAPK1,1
MAPK10,1
MAPK11,1
MAPK1IP1L,1
MAPK3,1
MAPK6,1
MAPK8IP2,1
MAPK8IP3,1
MAPK9,1
MAPKAPK3,1
MAPRE1,1
MARCHF5,1
MARCHF6,1
MARCHF7,1
MARCKS,1
MARCKSL1,1
MARS1,1
MASP1,1
MAST3,1
MAST4,1
MAT2A,1
MAT2B,1
MATK,1
MATN2,1
MATR3,1
MAU2,1
MAX,1
MB,1
MBD2,1
MBD5,1
MBIP,1
MBNL3,1
MBOAT7,1
MBTPS1,1
MC2R,1
MCCC1,1
MCF2,1
MCF2L,1
MCL1,1
MCM3,1
MCM6,1
MCPH1,1
MCRIP2,1
MCTP1,1
MCTS1,1
MCUB,1
MCUR1,1
MDC1,1
MDH2,1
MDK,1
MDM1,1
ME1,1
ME2,1
ME3,1
MEA1,1
MECP2,1
MED1,1
MED12,1
MED13,1
MED14,1
MED15,1
MED20,1
MED23,1
MED27,1
MED4,1
MED7,1
MEF2B,1
MEF2C,1
MEGF8,1
MEIS1,1
MELK,1
MEMO1,1
MEN1,1
MEPCE,1
MEPE,1
MERTK,1
MEST,1
MET,1
METAP1,1
METTL1,1
METTL17,1
METTL2B,1
METTL3,1
METTL7A,1
METTL8,1
MEX3C,1
MFAP2,1
MFAP3L,1
MFAP5,1
MFF,1
MFGE8,1
MFSD1,1
MFSD10,1
MFSD11,1
MFSD6,1
MGAM,1
MGAT1,1
MGAT2,1
MGAT4A,1
MGAT4B,1
MGMT,1
MGRN1,1
MGST2,1
MIA2,1
MIA3,1
MICA,1
MICALL1,1
MICALL2,1
MICB,1
MICU1,1
MID1,1
MID2,1
MIEF1,1
MIIP,1
MINAR1,1
MINDY3,1
MIOS,1
MIS12,1
MIS18BP1,1
MITF,1
MKKS,1
MKNK2,1
MKRN1,1
MKRN2,1
MLEC,1
MLF1,1
MLF2,1
MLH1,1
MLLT10,1
MLST8,1
MLX,1
MLXIP,1
MLYCD,1
MMD,1
MME,1
MMP1,1
MMP10,1
MMP11,1
MMP14,1
MMP19,1
MMP28,1
MMP7,1
MMRN2,1
MMS19,1
MMUT,1
MNAT1,1
MND1,1
MNS1,1
MNT,1
MOB2,1
MOB3B,1
MOB4,1
MOK,1
MORC2,1
MORC4,1
MORF4L1,1
MOS,1
MOSPD1,1
MOSPD3,1
MPC2,1
MPG,1
MPHOSPH6,1
MPHOSPH9,1
MPI,1
MPP2,1
MPP5,1
MPP6,1
MPRIP,1
MR1,1
MREG,1
MRGBP,1
MRM1,1
MRM2,1
MRM3,1
MRPL13,1
MRPL16,1
MRPL17,1
MRPL18,1
MRPL19,1
MRPL20,1
MRPL24,1
MRPL42,1
MRPL48,1
MRPL57,1
MRPS10,1
MRPS12,1
MRPS15,1
MRPS17,1
MRPS22,1
MRPS28,1
MRPS31,1
MRPS5,1
MRTFB,1
MS4A1,1
MSANTD2,1
MSH2,1
MSH5,1
MSH6,1
MSLN,1
MSMB,1
MSMO1,1
MSRA,1
MSRB1,1
MSRB2,1
MST1,1
MSTN,1
MSTO1,1
MT1G,1
MT1H,1
MT1HL1,1
MT1X,1
MT2A,1
MTA1,1
MTAP,1
MTARC1,1
MTARC2,1
MTBP,1
MTCH1,1
MTCH2,1
MTERF3,1
MTF2,1
MTFP1,1
MTFR1L,1
MTHFD2,1
MTHFR,1
MTMR11,1
MTMR14,1
MTMR6,1
MTR,1
MTRF1,1
MTSS1,1
MTUS1,1
MTX1,1
MUC1,1
MUC16,1
MUC3A,1
MUC4,1
MUC5AC,1
MUL1,1
MUS81,1
MUTYH,1
MVK,1
MVP,1
MX1,1
MX2,1
MXD1,1
MXD3,1
MXI1,1
MXRA5,1
MYB,1
MYBBP1A,1
MYBPH,1
MYC,1
MYCBP,1
MYCBP2,1
MYCN,1
MYD88,1
MYH10,1
MYH11,1
MYH14,1
MYL12A,1
MYL12B,1
MYL5,1
MYL6B,1
MYL9,1
MYLIP,1
MYLK,1
MYLPF,1
MYO10,1
MYO1C,1
MYO1E,1
MYO6,1
MYO7A,1
MYOF,1
MYRF,1
MZF1,1
N4BP2L1,1
N4BP2L2,1
N6AMT1,1
NAA10,1
NAA15,1
NAA16,1
NAA20,1
NAA35,1
NAA50,1
NAA60,1
NAAA,1
NAALADL1,1
NAB1,1
NACA,1
NADK,1
NADSYN1,1
NAGLU,1
NAGPA,1
NAIP,1
NAMPT,1
NANOG,1
NANS,1
NAP1L1,1
NAP1L4,1
NARS2,1
NASP,1
NAT1,1
NAT2,1
NAV3,1
NAXD,1
NBEA,1
NBL1,1
NBN,1
NBPF1,1
NBPF14,1
NBR1,1
NCAPD2,1
NCAPG,1
NCAPG2,1
NCAPH,1
NCAPH2,1
NCBP1,1
NCBP3,1
NCK1,1
NCK2,1
NCL,1
NCOA1,1
NCOA2,1
NCOA3,1
NCOA5,1
NCOA6,1
NCOR1,1
NCOR2,1
NCS1,1
NCSTN,1
NDE1,1
NDEL1,1
NDFIP1,1
NDRG1,1
NDRG2,1
NDRG3,1
NDUFA1,1
NDUFA10,1
NDUFA13,1
NDUFA2,1
NDUFA5,1
NDUFA7,1
NDUFA8,1
NDUFAB1,1
NDUFAF4,1
NDUFB1,1
NDUFB11,1
NDUFB2,1
NDUFB4,1
NDUFB5,1
NDUFB6,1
NDUFB7,1
NDUFB8,1
NDUFS1,1
NDUFS2,1
NDUFS6,1
NEBL,1
NECAB3,1
NECTIN1,1
NECTIN2,1
NEDD1,1
NEDD9,1
NEIL1,1
NEIL3,1
NEK11,1
NEK3,1
NEK4,1
NEK9,1
NELFB,1
NELFCD,1
NELFE,1
NEMP1,1
NENF,1
NEO1,1
NET1,1
NF1,1
NF2,1
NFAT5,1
NFE2,1
NFE2L1,1
NFE2L2,1
NFE2L3,1
NFIB,1
NFIL3,1
NFKB2,1
NFKBIA,1
NFKBIE,1
NFS1,1
NFU1,1
NFYB,1
NFYC,1
NGRN,1
NHEJ1,1
NHP2,1
NIBAN1,1
NICN1,1
NINJ1,1
NINL,1
NIPAL3,1
NIPBL,1
NIPSNAP1,1
NISCH,1
NIT1,1
NIT2,1
NKIRAS2,1
NKRF,1
NKTR,1
NLRX1,1
NMB,1
NMD3,1
NME2,1
NME3,1
NME5,1
NMI,1
NMRK1,1
NMT1,1
NMT2,1
NMU,1
NNMT,1
NNT,1
NOB1,1
NOC2L,1
NOC3L,1
NOC4L,1
NOD2,1
NOL12,1
NOL3,1
NOL4,1
NOL6,1
NOL7,1
NOL8,1
NOL9,1
NOP10,1
NOP2,1
NOP53,1
NOP56,1
NOS2,1
NOTCH2,1
NPAP1,1
NPAS2,1
NPAT,1
NPC1,1
NPC1L1,1
NPEPL1,1
NPEPPS,1
NPHP1,1
NPLOC4,1
NPM3,1
NPRL2,1
NPY1R,1
NPY4R,1
NQO1,1
NR1D1,1
NR1H2,1
NR1H3,1
NR1I2,1
NR2F2,1
NR3C1,1
NR3C2,1
NR5A2,1
NRBP1,1
NRCAM,1
NREP,1
NRF1,1
NRG1,1
NRGN,1
NRP1,1
NRP2,1
NSA2,1
NSDHL,1
NSMCE1,1
NSMCE4A,1
NSMF,1
NSUN5P2,1
NT5C2,1
NT5DC2,1
NT5DC3,1
NT5E,1
NTAQ1,1
NTF3,1
NTSR1,1
NUAK2,1
NUCB1,1
NUCB2,1
NUCKS1,1
NUDC,1
NUDT1,1
NUDT13,1
NUDT15,1
NUDT21,1
NUDT3,1
NUDT4,1
NUDT9,1
NUF2,1
NUFIP1,1
NUMA1,1
NUMB,1
NUP133,1
NUP153,1
NUP210,1
NUP42,1
NUP43,1
NUP54,1
NUP62CL,1
NUP93,1
NUP98,1
NUPR1,1
NUSAP1,1
NVL,1
NXF1,1
NXF3,1
NYNRIN,1
OAS1,1
OAS2,1
OAS3,1
OAT,1
OAZ1,1
OBI1,1
OCLN,1
ODAM,1
ODC1,1
ODF2,1
ODR4,1
OFD1,1
OGFOD1,1
OGFOD2,1
OGFR,1
OGG1,1
OGT,1
OLA1,1
OLFML2A,1
OLFML3,1
OLR1,1
OPA3,1
OPN3,1
OPRK1,1
OPRL1,1
OPRM1,1
OR12D2,1
OR2S2,1
ORC2,1
ORC3,1
ORC5,1
ORC6,1
OS9,1
OSBP,1
OSBPL10,1
OSBPL11,1
OSBPL1A,1
OSBPL3,1
OSBPL7,1
OSBPL8,1
OSBPL9,1
OSER1,1
OSGEP,1
OSGEPL1,1
OSTF1,1
OTUB2,1
OTULINL,1
OXA1L,1
OXR1,1
P2RX4,1
P2RX5,1
P2RX6,1
P2RY6,1
P3H1,1
P3H2,1
P3H4,1
P4HB,1
P4HTM,1
PAAF1,1
PABPC4,1
PABPN1,1
PACS2,1
PACSIN2,1
PAFAH1B1,1
PAFAH1B2,1
PAFAH2,1
PAGR1,1
PAIP1,1
PAIP2B,1
PAK4,1
PALLD,1
PALM,1
PALM2AKAP2,1
PALMD,1
PAM,1
PAM16,1
PAN2,1
PANK2,1
PANX1,1
PAOX,1
PAPOLA,1
PAPOLG,1
PAPSS1,1
PAPSS2,1
PAQR6,1
PARD3,1
PARK7,1
PARP1,1
PARP12,1
PARP3,1
PARP6,1
PARP8,1
PARPBP,1
PARVA,1
PASK,1
PATJ,1
PAX3,1
PAX8,1
PAXBP1,1
PBLD,1
PBRM1,1
PBX1,1
PBX2,1
PBX3,1
PBXIP1,1
PCBD1,1
PCBP4,1
PCCA,1
PCDH7,1
PCDHA12,1
PCDHA9,1
PCDHB11,1
PCDHB13,1
PCDHB6,1
PCDHGA1,1
PCDHGA10,1
PCDHGC3,1
PCGF1,1
PCGF2,1
PCGF3,1
PCGF6,1
PCID2,1
PCK1,1
PCLAF,1
PCLO,1
PCM1,1
PCMT1,1
PCNA,1
PCNT,1
PCNX1,1
PCNX4,1
PCOLCE,1
PCOLCE2,1
PCSK7,1
PCTP,1
PCYOX1L,1
PCYT2,1
PDAP1,1
PDCD4,1
PDCD5,1
PDCD6IP,1
PDE10A,1
PDE1A,1
PDE2A,1
PDE4A,1
PDE4B,1
PDE4C,1
PDE4DIP,1
PDE5A,1
PDE6D,1
PDE9A,1
PDF,1
PDGFD,1
PDIA3,1
PDIA5,1
PDIA6,1
PDLIM1,1
PDLIM5,1
PDLIM7,1
PDS5A,1
PDS5B,1
PDSS1,1
PDXDC1,1
PDXK,1
PDZK1,1
PDZK1IP1,1
PECR,1
PEDS1-UBE2V1,1
PEF1,1
PELI1,1
PELI2,1
PELO,1
PEMT,1
PER2,1
PER3,1
PERP,1
PEX1,1
PEX10,1
PEX11A,1
PEX11B,1
PEX12,1
PEX13,1
PEX16,1
PEX2,1
PEX6,1
PFDN2,1
PFDN4,1
PFDN5,1
PFKFB2,1
PFKP,1
PFN1,1
PGAM1,1
PGBD5,1
PGC,1
PGD,1
PGF,1
PGGHG,1
PGK1,1
PGLS,1
PGLYRP4,1
PGM1,1
PGM3,1
PHACTR2,1
PHACTR4,1
PHB,1
PHC2,1
PHF10,1
PHF19,1
PHF20,1
PHF20L1,1
PHF21A,1
PHGDH,1
PHKA2,1
PHKB,1
PHKG1,1
PHKG2,1
PHLDA1,1
PHLDA2,1
PHLDA3,1
PHLDB1,1
PHLPP1,1
PHPT1,1
PHTF1,1
PHYH,1
PI4KAP1,1
PI4KB,1
PIAS1,1
PIAS2,1
PIAS4,1
PIGA,1
PIGB,1
PIGG,1
PIGL,1
PIGO,1
PIGP,1
PIGR,1
PIGT,1
PIGZ,1
PIH1D1,1
PIK3AP1,1
PIK3C2B,1
PIK3C3,1
PIK3R2,1
PIK3R3,1
PIKFYVE,1
PILRB,1
PIMREG,1
PIN4,1
PINK1,1
PIP5K1B,1
PIP5K1C,1
PIR,1
PITPNA,1
PITPNC1,1
PITRM1,1
PITX1,1
PIWIL2,1
PJA1,1
PKD2,1
PKM,1
PKN1,1
PKN2,1
PKP2,1
PLA2G10,1
PLA2G1B,1
PLA2G3,1
PLA2G4C,1
PLA2G5,1
PLA2G6,1
PLA2G7,1
PLA2R1,1
PLAA,1
PLAAT2,1
PLAAT3,1
PLAAT4,1
PLAC8,1
PLAG1,1
PLAT,1
PLAU,1
PLAUR,1
PLCB2,1
PLCD1,1
PLCE1,1
PLCG2,1
PLCXD1,1
PLD1,1
PLD2,1
PLD3,1
PLEC,1
PLEKHA1,1
PLEKHA6,1
PLEKHA8P1,1
PLEKHB1,1
PLEKHG6,1
PLEKHM1,1
PLEKHS1,1
PLGLB2,1
PLGRKT,1
PLIN2,1
PLK2,1
PLK3,1
PLK4,1
PLLP,1
PLOD2,1
PLOD3,1
PLP2,1
PLPP3,1
PLS3,1
PLSCR1,1
PLSCR4,1
PLXDC1,1
PLXNB2,1
PLXNC1,1
PLXND1,1
PMAIP1,1
PMCH,1
PMEL,1
PMEPA1,1
PML,1
PMM1,1
PMM2,1
PMP22,1
PMPCB,1
PMS2P3,1
PNISR,1
PNMA1,1
PNO1,1
PNP,1
PNPLA2,1
PNPLA4,1
PNPLA6,1
PNPLA8,1
PNRC1,1
PODXL2,1
POF1B,1
POFUT2,1
POGK,1
POGLUT2,1
POLD1,1
POLD2,1
POLD3,1
POLD4,1
POLE,1
POLE3,1
POLE4,1
POLG,1
POLG2,1
POLR1C,1
POLR1E,1
POLR1G,1
POLR1H,1
POLR2A,1
POLR2D,1
POLR2E,1
POLR2F,1
POLR2G,1
POLR2H,1
POLR2K,1
POLR2L,1
POLR3E,1
POLR3F,1
POLR3G,1
POLR3K,1
POLRMT,1
POMGNT1,1
POMP,1
POMT1,1
POMZP3,1
PON2,1
POP1,1
POP5,1
POP7,1
POR,1
POU2F1,1
POU3F3,1
POU5F1P3,1
PPA1,1
PPAN,1
PPARA,1
PPARD,1
PPAT,1
PPBPP2,1
PPCDC,1
PPCS,1
PPFIA1,1
PPID,1
PPIE,1
PPIF,1
PPIL1,1
PPIP5K1,1
PPIP5K2,1
PPL,1
PPM1B,1
PPM1D,1
PPM1J,1
PPOX,1
PPP1R11,1
PPP1R12B,1
PPP1R13B,1
PPP1R14D,1
PPP1R15A,1
PPP1R21,1
PPP1R26,1
PPP1R7,1
PPP1R8,1
PPP1R9A,1
PPP2CA,1
PPP2R1B,1
PPP2R2A,1
PPP2R3B,1
PPP2R3C,1
PPP2R5A,1
PPP2R5B,1
PPP2R5C,1
PPP2R5E,1
PPP3CA,1
PPP3CB,1
PPP3CC,1
PPP3R1,1
PPP4R1,1
PPP5C,1
PPP6R1,1
PPP6R2,1
PPT1,1
PPT2,1
PPWD1,1
PQBP1,1
PRAF2,1
PRC1,1
PRCP,1
PRDM13,1
PRDM2,1
PRDM5,1
PRDX4,1
PRIM1,1
PRIM2,1
PRKAA1,1
PRKACA,1
PRKCB,1
PRKCD,1
PRKCZ,1
PRKD2,1
PRKD3,1
PRKDC,1
PRKRIP1,1
PRKX,1
PRMT1,1
PRMT6,1
PRNP,1
PROC,1
PROCR,1
PROM1,1
PROS1,1
PRPF18,1
PRPF19,1
PRPF31,1
PRPF38B,1
PRPF40A,1
PRPF4B,1
PRPF8,1
PRPS1,1
PRPSAP1,1
PRR11,1
PRR13,1
PRR15L,1
PRR3,1
PRR5,1
PRR5L,1
PRR7,1
PRRC2A,1
PRRG1,1
PRRG2,1
PRRG4,1
PRSS12,1
PRSS16,1
PRSS22,1
PRSS23,1
PRSS8,1
PRUNE1,1
PSAP,1
PSAT1,1
PSCA,1
PSD4,1
PSEN2,1
PSG1,1
PSG3,1
PSG4,1
PSG5,1
PSG6,1
PSG7,1
PSG9,1
PSIP1,1
PSMA1,1
PSMA5,1
PSMA7,1
PSMB10,1
PSMB2,1
PSMB3,1
PSMB7,1
PSMB8,1
PSMB9,1
PSMC1,1
PSMC2,1
PSMC3IP,1
PSMC4,1
PSMC5,1
PSMC6,1
PSMD1,1
PSMD12,1
PSMD13,1
PSMD14,1
PSMD2,1
PSMD4,1
PSMD6,1
PSMD7,1
PSMD8,1
PSME2,1
PSME3,1
PSME3IP1,1
PSMG1,1
PSMG2,1
PSMG3,1
PSPH,1
PSTPIP2,1
PTAFR,1
PTBP1,1
PTCD1,1
PTCD3,1
PTCH2,1
PTDSS1,1
PTGDR2,1
PTGDS,1
PTGER3,1
PTGES,1
PTGES2,1
PTGES3,1
PTGIS,1
PTGS2,1
PTHLH,1
PTMA,1
PTN,1
PTP4A3,1
PTPN11,1
PTPN12,1
PTPN13,1
PTPN21,1
PTPN22,1
PTPN6,1
PTPRF,1
PTPRG,1
PTPRH,1
PTPRK,1
PTPRN,1
PTPRO,1
PTPRR,1
PTPRU,1
PTRH2,1
PTS,1
PTTG1,1
PTTG1IP,1
PTX3,1
PUDP,1
PUF60,1
PUM2,1
PUS7,1
PVR,1
PWP1,1
PXDC1,1
PXMP2,1
PXMP4,1
PYCARD,1
PYCR3,1
PYGB,1
PYGM,1
QARS1,1
QDPR,1
QPRT,1
QSER1,1
R3HDM1,1
R3HDM2,1
RAB11A,1
RAB11B,1
RAB11FIP1,1
RAB11FIP2,1
RAB11FIP4,1
RAB13,1
RAB14,1
RAB17,1
RAB1A,1
RAB20,1
RAB25,1
RAB26,1
RAB27A,1
RAB29,1
RAB2A,1
RAB30,1
RAB32,1
RAB33B,1
RAB38,1
RAB3B,1
RAB3GAP1,1
RAB3IL1,1
RAB40B,1
RAB4A,1
RAB6A,1
RAB6B,1
RAB8B,1
RABAC1,1
RABEPK,1
RABGAP1L,1
RABGGTB,1
RABIF,1
RABL2A,1
RABL2B,1
RAC1,1
RAC2,1
RAD1,1
RAD21,1
RAD23A,1
RAD23B,1
RAD50,1
RAD51C,1
RAD51D,1
RAD54B,1
RAD9A,1
RADIL,1
RAE1,1
RAI14,1
RAI2,1
RALA,1
RALGAPA1,1
RALGAPB,1
RALGDS,1
RALGPS1,1
RALGPS2,1
RAMP1,1
RAN,1
RANBP1,1
RANBP17,1
RANBP2,1
RANBP3,1
RANBP9,1
RANGAP1,1
RANGRF,1
RAP1GAP2,1
RAP1GDS1,1
RAPGEF5,1
RAPGEF6,1
RAPGEFL1,1
RARB,1
RARG,1
RARRES1,1
RARRES2,1
RARS1,1
RASAL1,1
RASGRP3,1
RASSF1,1
RASSF7,1
RB1,1
RBAK,1
RBBP4,1
RBBP7,1
RBBP8,1
RBCK1,1
RBKS,1
RBM10,1
RBM14,1
RBM15,1
RBM28,1
RBM39,1
RBM41,1
RBM47,1
RBM4B,1
RBM5,1
RBM7,1
RBP1,1
RBPMS,1
RCAN1,1
RCC1,1
RCC1L,1
RCL1,1
RCN1,1
RCOR1,1
RDH5,1
REC8,1
RECK,1
RECQL,1
RECQL4,1
RECQL5,1
REEP1,1
REEP4,1
REEP5,1
REL,1
RELA,1
RELB,1
REPIN1,1
REPS2,1
RETREG1,1
RETREG2,1
REXO2,1
REXO4,1
RFC1,1
RFC2,1
RFC5,1
RFPL3,1
RFWD3,1
RFX5,1
RFXANK,1
RGL2,1
RGS17,1
RGS19,1
RGS2,1
RGS3,1
RGS7,1
RHBDD2,1
RHBDF1,1
RHBDF2,1
RHBDL1,1
RHBDL2,1
RHEB,1
RHEBL1,1
RHOA,1
RHOBTB3,1
RHOQ,1
RHOT1,1
RIBC2,1
RIC1,1
RIF1,1
RIMS3,1
RIN2,1
RIN3,1
RING1,1
RINT1,1
RIOK3,1
RIOX1,1
RIPK2,1
RIPK4,1
RIT1,1
RLF,1
RMDN3,1
RMI1,1
RMND1,1
RMND5A,1
RNASE1,1
RNASE4,1
RNASEH2A,1
RNASEL,1
RNASET2,1
RNF10,1
RNF114,1
RNF121,1
RNF123,1
RNF126,1
RNF128,1
RNF13,1
RNF130,1
RNF14,1
RNF141,1
RNF170,1
RNF185,1
RNF19A,1
RNF20,1
RNF220,1
RNF24,1
RNF31,1
RNF38,1
RNF39,1
RNF43,1
RNF44,1
RNF5,1
RNF7,1
RNFT1,1
RNGTT,1
RNMT,1
RNPEP,1
RNPEPL1,1
RNPS1,1
ROM1,1
RORC,1
RPA1,1
RPA2,1
RPA3,1
RPAP3,1
RPF1,1
RPH3AL,1
RPL14,1
RPL15,1
RPL21,1
RPL22,1
RPL26L1,1
RPL28,1
RPL29,1
RPL36,1
RPL36A,1
RPL39L,1
RPL5,1
RPP21,1
RPP25,1
RPP30,1
RPP40,1
RPS26,1
RPS27,1
RPS27L,1
RPS6KA4,1
RPS6KB1,1
RPS6KB2,1
RPS9,1
RRAD,1
RRAGA,1
RRAGB,1
RRAS,1
RRBP1,1
RRH,1
RRM2,1
RRM2B,1
RRN3,1
RRNAD1,1
RRP1,1
RRP12,1
RRP15,1
RRP7A,1
RRP9,1
RSL24D1,1
RSRC1,1
RSRC2,1
RSU1,1
RTCB,1
RTEL1,1
RTF1,1
RTF2,1
RTL8A,1
RTL8C,1
RTN2,1
RTN4IP1,1
RTP4,1
RUFY2,1
RUFY3,1
RUNX1,1
RUSC1,1
RUSF1,1
RUVBL1,1
RUVBL2,1
RWDD3,1
RXRA,1
RXRB,1
RXYLT1,1
RYBP,1
RYK,1
S100A1,1
S100A10,1
S100A11,1
S100A2,1
S100A4,1
S100A5,1
S100A7,1
S100P,1
S100PBP,1
SAA2,1
SAA4,1
SAC3D1,1
SAFB2,1
SAMD4A,1
SAMD9,1
SAMHD1,1
SAMM50,1
SAP30,1
SAP30BP,1
SAP30L,1
SARM1,1
SARS1,1
SARS2,1
SART3,1
SASH1,1
SAT1,1
SATB1,1
SAV1,1
SAYSD1,1
SBNO1,1
SC5D,1
SCAF11,1
SCAMP3,1
SCAND1,1
SCAPER,1
SCARB2,1
SCCPDH,1
SCD,1
SCFD1,1
SCG2,1
SCGB2A1,1
SCHIP1,1
SCLY,1
SCML2,1
SCNN1A,1
SCNN1D,1
SCO2,1
SCP2,1
SCRN1,1
SCRN3,1
SCTR,1
SCYL2,1
SDAD1,1
SDC1,1
SDC3,1
SDC4,1
SDF2L1,1
SDF4,1
SDHAF3,1
SDHB,1
SDHC,1
SEC14L2,1
SEC23B,1
SEC24A,1
SEC24C,1
SEC24D,1
SEC31B,1
SEC61B,1
SEC61G,1
SEC62,1
SECISBP2,1
SEL1L,1
SEL1L3,1
SELENBP1,1
SELENOP,1
SELENOS,1
SEMA3B,1
SEMA3C,1
SEMA3F,1
SEMA4F,1
SEMA4G,1
SENP1,1
SENP6,1
SEPHS1,1
SEPTIN4,1
SEPTIN6,1
SEPTIN8,1
SERBP1,1
SERGEF,1
SERHL2,1
SERINC3,1
SERPINA1,1
SERPINA3,1
SERPINB13,1
SERPINB4,1
SERPINB7,1
SERPINB8,1
SERPINB9,1
SERPINC1,1
SERPIND1,1
SERPINE1,1
SERPINF1,1
SERPINF2,1
SERPING1,1
SERPINI1,1
SERTAD2,1
SERTAD3,1
SESN1,1
SET,1
SETD1B,1
SETD4,1
SETD6,1
SETDB1,1
SEZ6L,1
SEZ6L2,1
SF1,1
SF3A1,1
SF3A2,1
SF3B2,1
SF3B3,1
SF3B4,1
SFI1,1
SFTPC,1
SFXN1,1
SGCE,1
SGIP1,1
SGK3,1
SGO1,1
SGSH,1
SGSM2,1
SGSM3,1
SH2B1,1
SH2B2,1
SH2B3,1
SH3BGR,1
SH3BGRL,1
SH3BGRL3,1
SH3BP1,1
SH3BP4,1
SH3GL3,1
SH3GLB1,1
SH3GLB2,1
SH3PXD2A,1
SH3TC1,1
SH3YL1,1
SHANK2,1
SHARPIN,1
SHB,1
SHCBP1,1
SHFL,1
SHLD2,1
SHMT2,1
SHOC2,1
SHOX2,1
SHQ1,1
SI,1
SIDT2,1
SIGMAR1,1
SIKE1,1
SIL1,1
SIM2,1
SIN3B,1
SIPA1,1
SIRT2,1
SIRT3,1
SIRT4,1
SIRT5,1
SIRT7,1
SIT1,1
SIVA1,1
SKAP2,1
SKIL,1
SKIV2L,1
SKP1,1
SLBP,1
SLC11A2,1
SLC12A7,1
SLC12A8,1
SLC14A2,1
SLC15A2,1
SLC15A3,1
SLC16A1,1
SLC16A3,1
SLC16A4,1
SLC16A7,1
SLC17A4,1
SLC17A5,1
SLC1A5,1
SLC20A1,1
SLC20A2,1
SLC22A18,1
SLC22A4,1
SLC22A5,1
SLC22A8,1
SLC24A1,1
SLC25A1,1
SLC25A10,1
SLC25A13,1
SLC25A15,1
SLC25A16,1
SLC25A17,1
SLC25A20,1
SLC25A23,1
SLC25A24,1
SLC25A32,1
SLC25A38,1
SLC25A4,1
SLC25A40,1
SLC25A5,1
SLC26A6,1
SLC27A3,1
SLC29A1,1
SLC29A3,1
SLC2A10,1
SLC2A11,1
SLC2A6,1
SLC2A9,1
SLC30A10,1
SLC30A4,1
SLC31A1,1
SLC35A2,1
SLC35A3,1
SLC35D2,1
SLC35E3,1
SLC35G2,1
SLC37A1,1
SLC37A4,1
SLC38A1,1
SLC38A2,1
SLC38A7,1
SLC39A1,1
SLC39A10,1
SLC39A14,1
SLC39A4,1
SLC39A6,1
SLC39A7,1
SLC39A9,1
SLC41A2,1
SLC43A1,1
SLC43A3,1
SLC44A1,1
SLC44A4,1
SLC46A3,1
SLC4A1,1
SLC50A1,1
SLC52A1,1
SLC52A2,1
SLC5A6,1
SLC6A16,1
SLC6A2,1
SLC6A6,1
SLC7A1,1
SLC7A7,1
SLC7A8,1
SLC8B1,1
SLC9A1,1
SLC9A3R1,1
SLCO2B1,1
SLCO3A1,1
SLCO4A1,1
SLFN12,1
SLIRP,1
SLITRK3,1
SLK,1
SLPI,1
SLX1B,1
SMAD1,1
SMAD5,1
SMAD6,1
SMAGP,1
SMARCA1,1
SMARCA4,1
SMARCAL1,1
SMARCB1,1
SMARCC1,1
SMARCC2,1
SMARCD3,1
SMARCE1,1
SMC1A,1
SMC3,1
SMC4,1
SMC6,1
SMG6,1
SMIM7,1
SMIM8,1
SMN1,1
SMN2,1
SMOX,1
SMPD1,1
SMPD4,1
SMPDL3B,1
SMS,1
SMTN,1
SMUG1,1
SMURF2,1
SMYD3,1
SNAP23,1
SNAPC1,1
SNCA,1
SNCG,1
SNHG20,1
SNHG3,1
SNN,1
SNPH,1
SNRNP200,1
SNRNP25,1
SNRNP27,1
SNRNP35,1
SNRPB2,1
SNRPC,1
SNRPD2,1
SNRPD3,1
SNRPE,1
SNRPF,1
SNRPG,1
SNRPN,1
SNTA1,1
SNU13,1
SNURF,1
SNW1,1
SNX1,1
SNX10,1
SNX11,1
SNX15,1
SNX16,1
SNX2,1
SNX27,1
SNX3,1
SNX4,1
SNX5,1
SNX6,1
SNX7,1
SOCS1,1
SOD1,1
SOD2,1
SORBS2,1
SORL1,1
SOS2,1
SOSTDC1,1
SOWAHC,1
SOX12,1
SOX13,1
SOX2,1
SOX4,1
SOX9,1
SP100,1
SP110,1
SP140,1
SP140L,1
SPACA9,1
SPAG1,1
SPAG11A,1
SPAG16,1
SPAG4,1
SPAG5,1
SPAG7,1
SPANXA1,1
SPATA20,1
SPATA5L1,1
SPATA6,1
SPATS2L,1
SPCS3,1
SPDEF,1
SPEG,1
SPG11,1
SPG21,1
SPHK1,1
SPIDR,1
SPIN2B,1
SPINK1,1
SPINT1,1
SPINT2,1
SPON2,1
SPOUT1,1
SPRING1,1
SPRR2D,1
SPRY2,1
SPRY4,1
SPSB1,1
SPSB2,1
SPTB,1
SPTBN1,1
SPTBN2,1
SQOR,1
SQSTM1,1
SRBD1,1
SRC,1
SRGAP3,1
SRI,1
SRM,1
SRP19,1
SRP54,1
SRP72,1
SRPRB,1
SRPX2,1
SRR,1
SRRM1,1
SRRT,1
SRSF1,1
SRSF10,1
SRSF2,1
SRSF3,1
SRSF4,1
SRSF5,1
SRSF7,1
SRSF9,1
SS18L2,1
SSB,1
SSBP1,1
SSBP2,1
SSBP3,1
SSBP4,1
SSH3,1
SSNA1,1
SSPN,1
SSR1,1
SSR3,1
SSR4,1
SSX2IP,1
ST13,1
ST14,1
ST6GALNAC2,1
ST7,1
STAG2,1
STAM,1
STAP2,1
STAT1,1
STAT2,1
STAT4,1
STAT5A,1
STAT6,1
STAU2,1
STBD1,1
STC1,1
STEAP1,1
STEAP4,1
STIL,1
STIM2,1
STK16,1
STK17A,1
STK17B,1
STK19,1
STK26,1
STK32C,1
STK4,1
STMN1,1
STMN3,1
STN1,1
STOM,1
STRADA,1
STRAP,1
STS,1
STX10,1
STX16,1
STX17,1
STX18,1
STX1A,1
STX4,1
STX5,1
STX7,1
STX8,1
STXBP1,1
STXBP2,1
SUB1,1
SUCLG2,1
SULT1A1,1
SULT1A2,1
SULT1A3,1
SULT1A4,1
SULT1C4,1
SULT1E1,1
SULT2B1,1
SUMO1,1
SUN1,1
SUPT16H,1
SUPT3H,1
SUPT4H1,1
SUPT6H,1
SUPT7L,1
SUPV3L1,1
SURF1,1
SURF2,1
SUV39H2,1
SVIL,1
SWAP70,1
SYBU,1
SYF2,1
SYNCRIP,1
SYNE2,1
SYNE3,1
SYNGR1,1
SYNGR2,1
SYNGR3,1
SYNJ1,1
SYNJ2,1
SYNM,1
SYNPO,1
SYPL1,1
SYT11,1
SYT17,1
SZT2,1
TAC3,1
TACC3,1
TACO1,1
TACSTD2,1
TADA2A,1
TAF1,1
TAF10,1
TAF12,1
TAF15,1
TAF1B,1
TAF4B,1
TAF5L,1
TAF7,1
TAF9,1
TAGLN,1
TAGLN2,1
TALDO1,1
TANGO6,1
TAOK3,1
TAP1,1
TAP2,1
TAPBP,1
TAPBPL,1
TARDBP,1
TARS2,1
TASOR2,1
TATDN1,1
TATDN2,1
TAX1BP1,1
TBC1D1,1
TBC1D17,1
TBC1D19,1
TBC1D22A,1
TBC1D31,1
TBC1D3E,1
TBC1D3K,1
TBC1D4,1
TBC1D5,1
TBC1D8,1
TBC1D8B,1
TBC1D9B,1
TBCA,1
TBCC,1
TBCCD1,1
TBCD,1
TBK1,1
TBL3,1
TBP,1
TBX19,1
TCEA1,1
TCEA2,1
TCEAL1,1
TCEAL4,1
TCEAL9,1
TCERG1,1
TCF25,1
TCF3,1
TCF4,1
TCFL5,1
TCIM,1
TCIRG1,1
TCL1B,1
TCN2,1
TCP1,1
TCP11L1,1
TCTN1,1
TDG,1
TDP1,1
TDP2,1
TEAD3,1
TECPR2,1
TECR,1
TEDC2,1
TELO2,1
TENT4A,1
TESC,1
TESK1,1
TESK2,1
TESMIN,1
TET1,1
TEX10,1
TEX2,1
TFAM,1
TFAP2A,1
TFAP2C,1
TFB1M,1
TFB2M,1
TFDP1,1
TFDP2,1
TFE3,1
TFF2,1
TFF3,1
TFG,1
TFIP11,1
TFR2,1
TFRC,1
TGDS,1
TGFA,1
TGFB1,1
TGFB2,1
TGFB3,1
TGFBRAP1,1
TGIF1,1
TGIF2,1
TGM1,1
TGM2,1
TGM4,1
TGOLN2,1
TGS1,1
THAP10,1
THAP12,1
THAP7,1
THBD,1
THBS1,1
THBS3,1
THG1L,1
THNSL2,1
THOC1,1
THOC2,1
THOC5,1
THOC6,1
THOC7,1
THOP1,1
THRA,1
THTPA,1
TIA1,1
TIAF1,1
TIAL1,1
TIAM1,1
TIGAR,1
TIMELESS,1
TIMM10,1
TIMM13,1
TIMM17A,1
TIMM21,1
TIMM23,1
TIMM8A,1
TIMP1,1
TIMP2,1
TIPIN,1
TJP1,1
TJP3,1
TK1,1
TKFC,1
TLCD3A,1
TLE1,1
TLE2,1
TLE4,1
TLE5,1
TLK1,1
TLR1,1
TLR2,1
TLR3,1
TLR5,1
TLX2,1
TM2D1,1
TM2D2,1
TM4SF20,1
TM4SF4,1
TM7SF2,1
TM9SF1,1
TM9SF2,1
TMA16,1
TMBIM1,1
TMBIM4,1
TMBIM6,1
TMC6,1
TMC7,1
TMCC1,1
TMCO1,1
TMCO3,1
TMED10,1
TMED3,1
TMED9,1
TMEM106C,1
TMEM109,1
TMEM11,1
TMEM127,1
TMEM131L,1
TMEM134,1
TMEM135,1
TMEM140,1
TMEM144,1
TMEM14B,1
TMEM159,1
TMEM161A,1
TMEM165,1
TMEM168,1
TMEM176A,1
TMEM176B,1
TMEM177,1
TMEM183A,1
TMEM185B,1
TMEM212,1
TMEM214,1
TMEM216,1
TMEM222,1
TMEM245,1
TMEM254,1
TMEM260,1
TMEM263,1
TMEM33,1
TMEM38B,1
TMEM39B,1
TMEM45A,1
TMEM47,1
TMEM53,1
TMEM60,1
TMEM70,1
TMEM80,1
TMEM87A,1
TMEM8B,1
TMEM94,1
TMF1,1
TMLHE,1
TMPRSS2,1
TMPRSS3,1
TMTC4,1
TMUB2,1
TMX1,1
TMX2,1
TNC,1
TNFAIP2,1
TNFAIP6,1
TNFRSF10B,1
TNFRSF12A,1
TNFRSF14,1
TNFRSF18,1
TNFRSF4,1
TNFRSF6B,1
TNFRSF9,1
TNFSF10,1
TNFSF13,1
TNFSF14,1
TNFSF18,1
TNIK,1
TNIP1,1
TNKS,1
TNNC1,1
TNNI2,1
TNNT3,1
TNPO1,1
TNPO3,1
TNS3,1
TNXB,1
TOB2,1
TOLLIP,1
TOM1L1,1
TOM1L2,1
TOMM20,1
TOMM22,1
TOMM34,1
TOMM70,1
TOP1,1
TOP2B,1
TOP3A,1
TOR3A,1
TOR4A,1
TOX4,1
TP53BP1,1
TP53I11,1
TP63,1
TPCN1,1
TPD52L1,1
TPI1,1
TPM1,1
TPM2,1
TPMT,1
TPP1,1
TPPP,1
TPPP3,1
TPRA1,1
TPRKB,1
TPST1,1
TPT1,1
TRA2B,1
TRAF4,1
TRAF6,1
TRAFD1,1
TRAIP,1
TRAK1,1
TRAK2,1
TRAM1,1
TRAM2,1
TRAPPC11,1
TRAPPC13,1
TRAPPC2,1
TRAPPC2B,1
TRAPPC3,1
TRAPPC6A,1
TRDMT1,1
TREM1,1
TREX1,1
TRGC1,1
TRHDE,1
TRIAP1,1
TRIB1,1
TRIB2,1
TRIB3,1
TRIM13,1
TRIM14,1
TRIM15,1
TRIM16,1
TRIM2,1
TRIM21,1
TRIM26,1
TRIM28,1
TRIM29,1
TRIM31,1
TRIM34,1
TRIM36,1
TRIM37,1
TRIM45,1
TRIM46,1
TRIM5,1
TRIM62,1
TRIM68,1
TRIM7,1
TRIP10,1
TRIP11,1
TRIP4,1
TRIP6,1
TRIT1,1
TRMT112,1
TRMT1L,1
TRMT2B,1
TRMT5,1
TRMT61B,1
TROAP,1
TRPC1,1
TRPC5,1
TRPM4,1
TRPM8,1
TRPS1,1
TRPV1,1
TRPV6,1
TSC1,1
TSC22D2,1
TSC22D3,1
TSC22D4,1
TSFM,1
TSG101,1
TSNAXIP1,1
TSPAN12,1
TSPAN15,1
TSPAN3,1
TSPAN31,1
TSPAN4,1
TSPAN6,1
TSPAN8,1
TSPYL2,1
TSR1,1
TST,1
TTC12,1
TTC13,1
TTC19,1
TTC30A,1
TTC38,1
TTC39A,1
TTF1,1
TTF2,1
TTI1,1
TTI2,1
TTK,1
TTLL1,1
TTLL3,1
TTYH1,1
TUBA1B,1
TUBA1C,1
TUBA3C,1
TUBB,1
TUBB2A,1
TUBB3,1
TUBB4B,1
TUBB6,1
TUBD1,1
TUBG1,1
TUBGCP2,1
TUFM,1
TULP3,1
TULP4,1
TUSC2,1
TUT7,1
TWF2,1
TWSG1,1
TXLNG,1
TXN,1
TXNDC12,1
TXNDC15,1
TXNDC16,1
TXNDC5,1
TXNDC9,1
TXNL4A,1
TXNRD1,1
TYMP,1
TYMS,1
TYRO3,1
U2AF1,1
U2AF2,1
U2SURP,1
UAP1,1
UBA3,1
UBA7,1
UBAP1,1
UBAP2,1
UBAP2L,1
UBD,1
UBE2C,1
UBE2D1,1
UBE2D2,1
UBE2D4,1
UBE2G2,1
UBE2H,1
UBE2J1,1
UBE2K,1
UBE2L6,1
UBE2M,1
UBE2N,1
UBE2Q1,1
UBE2S,1
UBE2V2,1
UBE2W,1
UBE2Z,1
UBE3B,1
UBE3C,1
UBE4A,1
UBE4B,1
UBFD1,1
UBIAD1,1
UBQLN2,1
UBR2,1
UBR4,1
UBR5,1
UBTD2,1
UBXN1,1
UBXN6,1
UBXN7,1
UBXN8,1
UCHL3,1
UCHL5,1
UCN,1
UCP2,1
UCP3,1
UFC1,1
UFD1,1
UFM1,1
UGCG,1
UGDH,1
UGGT1,1
UGP2,1
UGT1A1,1
UGT1A3,1
UGT1A6,1
UGT1A8,1
UGT1A9,1
UGT2B17,1
UIMC1,1
ULK1,1
ULK2,1
UMOD,1
UMPS,1
UNC119,1
UNC13B,1
UNC45A,1
UNC50,1
UNC5B,1
UNC93B1,1
UNG,1
UPF3A,1
UPF3B,1
UPK1A,1
UPK2,1
UPK3B,1
UPP1,1
UQCC1,1
UQCR10,1
UQCR11,1
UQCRB,1
URB1,1
URB2,1
URI1,1
UROS,1
USO1,1
USP1,1
USP10,1
USP11,1
USP13,1
USP14,1
USP15,1
USP18,1
USP20,1
USP25,1
USP32,1
USP34,1
USP38,1
USP39,1
USP6,1
USP7,1
USP8,1
USPL1,1
UST,1
UTF1,1
UTP11,1
UTP14A,1
UTP14C,1
UTP18,1
UTP3,1
UTP6,1
UTRN,1
UXS1,1
VAMP1,1
VAMP2,1
VAMP5,1
VAMP7,1
VAMP8,1
VASP,1
VAT1,1
VAV3,1
VBP1,1
VCP,1
VCPKMT,1
VDAC3,1
VDR,1
VEGFA,1
VENTXP1,1
VEZT,1
VGLL1,1
VGLL4,1
VILL,1
VIPAS39,1
VIPR1,1
VKORC1,1
VMP1,1
VN1R1,1
VNN3,1
VPS11,1
VPS13D,1
VPS18,1
VPS26C,1
VPS28,1
VPS33B,1
VPS35L,1
VPS41,1
VPS45,1
VPS4A,1
VPS50,1
VPS51,1
VPS54,1
VPS9D1,1
VRK3,1
VSIG10,1
VSIG4,1
VSNL1,1
VTCN1,1
VTI1B,1
VTN,1
VWA5A,1
VWF,1
WARS1,1
WARS2,1
WASHC2A,1
WASHC2C,1
WASHC3,1
WASHC5,1
WBP4,1
WDR11,1
WDR13,1
WDR19,1
WDR26,1
WDR3,1
WDR37,1
WDR41,1
WDR45,1
WDR46,1
WDR47,1
WDR6,1
WDR61,1
WDR7,1
WDR70,1
WDR73,1
WDR77,1
WDR83OS,1
WDTC1,1
WEE1,1
WFDC2,1
WFS1,1
WIPF1,1
WIPF2,1
WIPI1,1
WIPI2,1
WNT11,1
WNT4,1
WNT5B,1
WNT6,1
WRAP53,1
WRAP73,1
WRN,1
WSCD1,1
WTAP,1
WWC1,1
WWOX,1
WWTR1,1
XAF1,1
XBP1,1
XCL2,1
XIAP,1
XK,1
XPA,1
XPNPEP1,1
XPO1,1
XPO4,1
XPR1,1
XRCC1,1
XRCC2,1
XRCC3,1
XRCC5,1
XYLB,1
YBX1,1
YEATS4,1
YIF1A,1
YIPF2,1
YIPF3,1
YIPF4,1
YIPF5,1
YIPF6,1
YKT6,1
YTHDC2,1
YWHAE,1
YWHAG,1
YWHAH,1
YY1AP1,1
ZBED1,1
ZBED4,1
ZBED5,1
ZBP1,1
ZBTB1,1
ZBTB11,1
ZBTB20,1
ZBTB32,1
ZBTB43,1
ZBTB44,1
ZBTB5,1
ZC3H12A,1
ZC3H14,1
ZC3H15,1
ZCCHC8,1
ZDHHC11,1
ZDHHC7,1
ZEB1,1
ZER1,1
ZFAND1,1
ZFAND3,1
ZFAND5,1
ZFAND6,1
ZFC3H1,1
ZFHX3,1
ZFP2,1
ZFP64,1
ZFP69B,1
ZFYVE1,1
ZFYVE21,1
ZFYVE26,1
ZGRF1,1
ZHX2,1
ZIC5,1
ZMAT3,1
ZMIZ1,1
ZMPSTE24,1
ZMYM1,1
ZMYM2,1
ZMYM3,1
ZMYM4,1
ZMYM6,1
ZMYND10,1
ZMYND8,1
ZNF10,1
ZNF107,1
ZNF12,1
ZNF136,1
ZNF140,1
ZNF141,1
ZNF143,1
ZNF146,1
ZNF148,1
ZNF16,1
ZNF165,1
ZNF174,1
ZNF189,1
ZNF200,1
ZNF207,1
ZNF211,1
ZNF215,1
ZNF223,1
ZNF224,1
ZNF225,1
ZNF226,1
ZNF232,1
ZNF235,1
ZNF26,1
ZNF267,1
ZNF268,1
ZNF271P,1
ZNF274,1
ZNF277,1
ZNF280D,1
ZNF3,1
ZNF302,1
ZNF304,1
ZNF32,1
ZNF322,1
ZNF334,1
ZNF345,1
ZNF350,1
ZNF354A,1
ZNF358,1
ZNF37BP,1
ZNF394,1
ZNF410,1
ZNF419,1
ZNF426,1
ZNF432,1
ZNF443,1
ZNF444,1
ZNF446,1
ZNF473,1
ZNF485,1
ZNF493,1
ZNF500,1
ZNF506,1
ZNF544,1
ZNF551,1
ZNF552,1
ZNF557,1
ZNF562,1
ZNF580,1
ZNF606,1
ZNF613,1
ZNF623,1
ZNF638,1
ZNF652,1
ZNF654,1
ZNF665,1
ZNF672,1
ZNF701,1
ZNF702P,1
ZNF706,1
ZNF710-AS1,1
ZNF76,1
ZNF767P,1
ZNF821,1
ZNF83,1
ZNF84,1
ZNF862,1
ZNF91,1
ZNHIT1,1
ZNHIT6,1
ZNRD2,1
ZPR1,1
ZRSR2,1
ZSCAN12,1
ZSCAN16,1
ZSCAN18,1
ZSCAN5A,1
ZSWIM8-AS1,1
ZW10,1
ZWINT,1
ZYX,1
ZZEF1,1
